{
"type": "FeatureCollection",
"name": "flood-corridor",
"crs": { "type": "name", "properties": { "name": "urn:ogc:def:crs:OGC:1.3:CRS84" } },
"xy_coordinate_resolution": 1e-15,
"features": [
{ "type": "Feature", "properties": { "fid": 12, "osm_id": "24624604", "name": "Trishuli River", "highway": null, "waterway": "river", "aerialway": null, "barrier": null, "man_made": null, "railway": null, "z_order": 0, "other_tags": "\"boat\"=>\"no\",\"intermittent\"=>\"no\"" }, "geometry": { "type": "LineString", "coordinates": [ [ 85.3413057, 28.1644225 ], [ 85.3409875, 28.1643893 ], [ 85.340532, 28.1643132 ], [ 85.3402864, 28.1642576 ], [ 85.3400519, 28.1641894 ], [ 85.3398457, 28.1641076 ], [ 85.3396849, 28.1640114 ], [ 85.3395867, 28.1639001 ], [ 85.3393909, 28.1634449 ], [ 85.3393403, 28.163375 ], [ 85.3392711, 28.1633073 ], [ 85.3391771, 28.1632397 ], [ 85.339052, 28.16317 ], [ 85.338553, 28.1629488 ], [ 85.3381598, 28.1627521 ], [ 85.3378941, 28.1625885 ], [ 85.3377417, 28.1624543 ], [ 85.3376559, 28.162331 ], [ 85.3375777, 28.1621786 ], [ 85.3375177, 28.1620127 ], [ 85.3374859, 28.1618485 ], [ 85.337497, 28.1616699 ], [ 85.3376032, 28.1611136 ], [ 85.3376654, 28.1606448 ], [ 85.3376746, 28.1604142 ], [ 85.3376607, 28.160201 ], [ 85.3376171, 28.1600161 ], [ 85.3375375, 28.1598707 ], [ 85.3374022, 28.1597451 ], [ 85.3372069, 28.1596149 ], [ 85.3369682, 28.1594842 ], [ 85.3367027, 28.1593569 ], [ 85.3361579, 28.1591283 ], [ 85.335555, 28.1589104 ], [ 85.3354138, 28.1588773 ], [ 85.3347748, 28.1588089 ], [ 85.3343802, 28.1587523 ], [ 85.3340535, 28.158677 ], [ 85.3339434, 28.1586316 ], [ 85.333848, 28.1585642 ], [ 85.3336178, 28.1583377 ], [ 85.332979, 28.1575967 ], [ 85.3327739, 28.1573924 ], [ 85.3326739, 28.1573217 ], [ 85.3324092, 28.1571811 ], [ 85.331426, 28.1567493 ], [ 85.3312826, 28.1566735 ], [ 85.3311212, 28.1565668 ], [ 85.3309161, 28.156409 ], [ 85.330426, 28.1559941 ], [ 85.3291694, 28.1548664 ], [ 85.3282423, 28.1538869 ], [ 85.328064, 28.1537128 ], [ 85.3279363, 28.1536303 ], [ 85.3275485, 28.1534571 ], [ 85.3273835, 28.1533544 ], [ 85.3273022, 28.1532871 ], [ 85.3272221, 28.1531995 ], [ 85.3270634, 28.1529595 ], [ 85.3266736, 28.1522561 ], [ 85.326519, 28.1520573 ], [ 85.3264191, 28.1519809 ], [ 85.3261108, 28.1518156 ], [ 85.3253143, 28.1514667 ], [ 85.3249712, 28.1513013 ], [ 85.3248453, 28.1512249 ], [ 85.324439, 28.1509382 ], [ 85.3242126, 28.150821 ], [ 85.3240829, 28.1507747 ], [ 85.3239379, 28.1507387 ], [ 85.3237747, 28.1507148 ], [ 85.3234034, 28.1506985 ], [ 85.3230839, 28.1506652 ], [ 85.3228256, 28.1505994 ], [ 85.3226163, 28.1504961 ], [ 85.3224435, 28.1503504 ], [ 85.3222088, 28.1500621 ], [ 85.3220265, 28.1498619 ], [ 85.3218138, 28.1496708 ], [ 85.3216942, 28.1495823 ], [ 85.3214243, 28.1494261 ], [ 85.3212726, 28.1493613 ], [ 85.3209984, 28.1492687 ], [ 85.320555, 28.1491444 ], [ 85.3204137, 28.1490732 ], [ 85.3203392, 28.1490208 ], [ 85.3202697, 28.148953 ], [ 85.3202136, 28.1488714 ], [ 85.3201674, 28.1487797 ], [ 85.3200135, 28.1483867 ], [ 85.3199657, 28.1483006 ], [ 85.3199073, 28.1482269 ], [ 85.3198349, 28.1481694 ], [ 85.3197427, 28.1481207 ], [ 85.3195008, 28.1480239 ], [ 85.3190625, 28.1478942 ], [ 85.3186415, 28.1478064 ], [ 85.3183128, 28.1477671 ], [ 85.3181053, 28.1477268 ], [ 85.3179142, 28.1476493 ], [ 85.3178282, 28.1475901 ], [ 85.3177505, 28.1475137 ], [ 85.3176822, 28.1474176 ], [ 85.3175648, 28.1471704 ], [ 85.3174902, 28.1470461 ], [ 85.3173103, 28.146815 ], [ 85.3171119, 28.1466138 ], [ 85.3169217, 28.1464508 ], [ 85.3167665, 28.1463341 ], [ 85.3165973, 28.146233 ], [ 85.3163658, 28.1461201 ], [ 85.3160998, 28.1460086 ], [ 85.315697, 28.1458726 ], [ 85.3145872, 28.1456305 ], [ 85.3139249, 28.1454574 ], [ 85.3137532, 28.1453985 ], [ 85.3136229, 28.1453408 ], [ 85.3133995, 28.1452158 ], [ 85.3131771, 28.1450626 ], [ 85.3130771, 28.1449731 ], [ 85.3129903, 28.1448736 ], [ 85.312921, 28.1447632 ], [ 85.3128735, 28.1446409 ], [ 85.3128521, 28.1445058 ], [ 85.3128612, 28.144357 ], [ 85.3129926, 28.1434204 ], [ 85.3130287, 28.1429048 ], [ 85.3130252, 28.1427774 ], [ 85.3129957, 28.1425949 ], [ 85.3129326, 28.141955 ], [ 85.3128555, 28.1416831 ], [ 85.3127933, 28.1415606 ], [ 85.312711, 28.1414526 ], [ 85.3126147, 28.1413619 ], [ 85.3125138, 28.141288 ], [ 85.3124101, 28.14123 ], [ 85.3122014, 28.1411581 ], [ 85.3120029, 28.1411397 ], [ 85.3118292, 28.1411678 ], [ 85.3116654, 28.1412484 ], [ 85.3106353, 28.1419047 ], [ 85.3103448, 28.1420738 ], [ 85.3102541, 28.1421148 ], [ 85.3100296, 28.142174 ], [ 85.3098638, 28.1421917 ], [ 85.309779, 28.1421898 ], [ 85.3096104, 28.1421572 ], [ 85.3094494, 28.142077 ], [ 85.3076233, 28.1407319 ] ] } },
{ "type": "Feature", "properties": { "fid": 21, "osm_id": "25708647", "name": "Narayani", "highway": null, "waterway": "river", "aerialway": null, "barrier": null, "man_made": null, "railway": null, "z_order": 0, "other_tags": "\"boat\"=>\"no\"" }, "geometry": { "type": "MultiLineString", "coordinates": [ [ [ 84.375472506779232, 27.682453146075769 ], [ 84.3750268, 27.6822289 ], [ 84.3739217, 27.6820579 ], [ 84.3727308, 27.6822194 ], [ 84.3720871, 27.6826184 ], [ 84.3703487, 27.6843165 ], [ 84.3675488, 27.6866372 ], [ 84.3663364, 27.6879102 ], [ 84.3642125, 27.6903359 ], [ 84.3636246, 27.6912779 ], [ 84.3632886, 27.6921952 ], [ 84.3627426, 27.6932116 ], [ 84.3620987, 27.6940049 ], [ 84.3613288, 27.694699 ], [ 84.3581607, 27.6967806 ], [ 84.3555473, 27.6980951 ], [ 84.3519217, 27.6995701 ], [ 84.3500039, 27.7006236 ], [ 84.348772, 27.7016895 ], [ 84.3477781, 27.7024951 ], [ 84.347573771271925, 27.702579098914619 ] ], [ [ 84.33310448757473, 27.696613327312971 ], [ 84.3299648, 27.6949903 ], [ 84.3294343, 27.6947429 ], [ 84.3272617, 27.6935887 ], [ 84.327070825663583, 27.693441323617044 ] ], [ [ 84.320130162450013, 27.682594409498954 ], [ 84.3204814, 27.6815353 ], [ 84.3205472, 27.680486 ], [ 84.3203955, 27.6796351 ], [ 84.3197411, 27.6785615 ], [ 84.3188506, 27.6776019 ], [ 84.3165707, 27.6759724 ], [ 84.3158143, 27.6756351 ], [ 84.3146073, 27.6753881 ], [ 84.313808, 27.6753786 ], [ 84.3127727, 27.6756019 ], [ 84.3098276, 27.6757587 ], [ 84.3086475, 27.6756161 ], [ 84.3077033, 27.6753691 ], [ 84.307110920342495, 27.675137979274993 ] ] ] } },
{ "type": "Feature", "properties": { "fid": 36, "osm_id": "26951335", "name": "Trisuli", "highway": null, "waterway": "river", "aerialway": null, "barrier": null, "man_made": null, "railway": null, "z_order": 0, "other_tags": "\"name:ne\"=>\"त्रिशुली नदी\"" }, "geometry": { "type": "MultiLineString", "coordinates": [ [ [ 84.546016189241968, 27.831812988020666 ], [ 84.5455617, 27.8317992 ], [ 84.5450225, 27.8318894 ], [ 84.5441535, 27.8321195 ], [ 84.5432174, 27.8324634 ], [ 84.5426434, 27.8326982 ], [ 84.541879, 27.8331085 ], [ 84.5416081, 27.83322 ], [ 84.541104116052381, 27.833360302874137 ] ], [ [ 84.532661089359422, 27.833172095339116 ], [ 84.5322981, 27.8332105 ], [ 84.5315954, 27.8333481 ], [ 84.531240116281225, 27.833422793719944 ] ], [ [ 84.512794415888763, 27.815533405901341 ], [ 84.5126778, 27.8155289 ], [ 84.5122567, 27.8155337 ], [ 84.51179, 27.8155669 ], [ 84.5112884, 27.815676 ], [ 84.5105669, 27.8158824 ], [ 84.5100358, 27.8160698 ], [ 84.5091292, 27.816447 ], [ 84.508199, 27.8168254 ], [ 84.5075118, 27.8171202 ], [ 84.506948, 27.8174114 ], [ 84.5067135, 27.8175485 ], [ 84.5063143, 27.8178445 ], [ 84.505837, 27.8182194 ], [ 84.505393, 27.8185462 ], [ 84.5047588, 27.8189072 ], [ 84.5039481, 27.819333 ], [ 84.5035031, 27.8195369 ], [ 84.5031292, 27.8196525 ], [ 84.5026107, 27.8198062 ], [ 84.5020511, 27.8199263 ], [ 84.5015531, 27.8199663 ], [ 84.5010593, 27.8199772 ], [ 84.5003639, 27.8200245 ], [ 84.5000388, 27.8200464 ], [ 84.4994462, 27.8201446 ], [ 84.4987919, 27.8202902 ], [ 84.4981088, 27.8204649 ], [ 84.497881233679863, 27.820530424182031 ] ], [ [ 84.493866509586042, 27.819503668916791 ], [ 84.4936363, 27.8193909 ], [ 84.4931912, 27.8192894 ], [ 84.4928891, 27.819275 ], [ 84.4926316, 27.8192748 ], [ 84.49236, 27.8193185 ], [ 84.4920143, 27.8194131 ], [ 84.491788, 27.8195114 ], [ 84.4913888, 27.8197225 ], [ 84.4910184, 27.8199518 ], [ 84.490825, 27.8200973 ], [ 84.4905287, 27.8203667 ], [ 84.4901296, 27.8206323 ], [ 84.489916424406516, 27.820725412686176 ] ], [ [ 84.488361871993845, 27.820877950860602 ], [ 84.488249, 27.820858 ], [ 84.4880396, 27.8208515 ], [ 84.487934578122392, 27.820886958692981 ] ], [ [ 84.483292857317352, 27.821314003468515 ], [ 84.4829281, 27.8213311 ], [ 84.4819817, 27.8213311 ], [ 84.4815825, 27.8213821 ], [ 84.4811833, 27.8214658 ], [ 84.4803315, 27.8217205 ], [ 84.4797312, 27.8219518 ], [ 84.4786589, 27.8224376 ], [ 84.4777843, 27.8227832 ], [ 84.4770435, 27.8231144 ], [ 84.4766649, 27.8232236 ], [ 84.4759366, 27.8233328 ], [ 84.475451, 27.8233801 ], [ 84.4747926, 27.8234529 ], [ 84.4741136, 27.8235257 ], [ 84.4735539, 27.8236203 ], [ 84.4730683, 27.8237513 ], [ 84.4724428, 27.8239224 ], [ 84.472290662757047, 27.823964982469573 ] ], [ [ 84.469837446217312, 27.824163485910351 ], [ 84.469587, 27.8241444 ], [ 84.4692166, 27.8241626 ], [ 84.469074703464003, 27.824181266846974 ] ], [ [ 84.465367632598443, 27.81901432921137 ], [ 84.465229, 27.8189166 ], [ 84.4650163, 27.8188314 ], [ 84.4647716, 27.818803 ], [ 84.4644386, 27.8188491 ], [ 84.464257, 27.8189054 ], [ 84.463829046881287, 27.819212086872053 ] ], [ [ 84.461470637264327, 27.819511866866453 ], [ 84.4595556, 27.8195473 ], [ 84.4578743, 27.8196405 ], [ 84.4572146, 27.8197361 ], [ 84.4569033, 27.8197895 ], [ 84.4563857, 27.8199137 ], [ 84.4550014, 27.8202757 ], [ 84.4534888, 27.8206944 ], [ 84.452378, 27.821066 ], [ 84.4488783, 27.8227099 ], [ 84.448409475462853, 27.82290290275688 ] ], [ [ 84.441261198218157, 27.778346086442674 ], [ 84.4413712, 27.778352 ], [ 84.4428995, 27.7785141 ], [ 84.443755, 27.7785775 ], [ 84.4446632, 27.7786041 ], [ 84.4455337, 27.7786075 ], [ 84.4476359, 27.7785011 ], [ 84.4488009, 27.7784541 ], [ 84.4493963, 27.7783808 ], [ 84.4499616, 27.7782607 ], [ 84.450256954003493, 27.778197925722285 ] ], [ [ 84.471466651529155, 27.751668832066127 ], [ 84.4713712, 27.7516293 ], [ 84.4710896, 27.751589 ], [ 84.470544, 27.7516257 ], [ 84.4701609, 27.7516768 ], [ 84.4695432, 27.7517924 ], [ 84.4681023, 27.7520735 ], [ 84.4669139, 27.7522603 ], [ 84.4660703, 27.7524736 ], [ 84.4643984, 27.7530872 ], [ 84.4638796, 27.753308 ], [ 84.4634117, 27.7536405 ], [ 84.4622065, 27.7546506 ], [ 84.4603775, 27.7563508 ], [ 84.4596047, 27.757066 ], [ 84.4593708, 27.7574111 ], [ 84.4592219, 27.7577875 ], [ 84.4590588, 27.7582392 ], [ 84.4587894, 27.7586532 ], [ 84.4585342, 27.758923 ], [ 84.4582932, 27.7590861 ], [ 84.4577402, 27.7593559 ], [ 84.457507294713622, 27.759435152493282 ] ], [ [ 84.432272922972672, 27.741379245973402 ], [ 84.4318225, 27.7414163 ], [ 84.43115, 27.7414799 ], [ 84.4305558, 27.7415839 ], [ 84.4298767, 27.7418035 ], [ 84.4292433, 27.7420751 ], [ 84.428767315234282, 27.742298911932195 ] ] ] } },
{ "type": "Feature", "properties": { "fid": 41, "osm_id": "27033466", "name": "Trishuli Ganga River", "highway": null, "waterway": "river", "aerialway": null, "barrier": null, "man_made": null, "railway": null, "z_order": 0, "other_tags": "\"boat\"=>\"no\"" }, "geometry": { "type": "LineString", "coordinates": [ [ 85.1828281, 27.9908578 ], [ 85.1829157, 27.9903881 ], [ 85.1828553, 27.9900066 ], [ 85.1827405, 27.9897424 ], [ 85.1824655, 27.9894942 ], [ 85.1819608, 27.9892167 ], [ 85.1809576, 27.9888245 ], [ 85.1806856, 27.9887177 ], [ 85.1804681, 27.9885977 ], [ 85.18032, 27.9884242 ], [ 85.180184, 27.988152 ], [ 85.1801024, 27.9877224 ], [ 85.1801417, 27.9869566 ], [ 85.1804645, 27.9851617 ], [ 85.1805376, 27.9844029 ], [ 85.180459, 27.983549 ], [ 85.1803623, 27.9830499 ], [ 85.1802747, 27.9816623 ], [ 85.1803804, 27.9811633 ], [ 85.1806705, 27.9804481 ], [ 85.1813414, 27.9791405 ], [ 85.1815317, 27.9786895 ], [ 85.1816768, 27.9782278 ], [ 85.1820318, 27.9765961 ], [ 85.1821724, 27.9759381 ], [ 85.1824625, 27.9749667 ], [ 85.1827193, 27.9744169 ], [ 85.1830306, 27.974006 ], [ 85.1836954, 27.9732053 ], [ 85.1840429, 27.972805 ], [ 85.1844206, 27.9721138 ], [ 85.1843375, 27.9713772 ], [ 85.1838011, 27.9706486 ], [ 85.1835745, 27.9705259 ], [ 85.1828976, 27.970247 ], [ 85.1811918, 27.9698733 ], [ 85.1798073, 27.9695149 ], [ 85.1791136, 27.9692761 ], [ 85.1782122, 27.9685196 ], [ 85.1778288, 27.9678993 ], [ 85.1773658, 27.9667154 ], [ 85.1771155, 27.9660609 ], [ 85.1768812, 27.9656057 ], [ 85.1762602, 27.9649438 ], [ 85.1756392, 27.9645875 ], [ 85.1741328, 27.9641031 ], [ 85.1726348, 27.9637142 ], [ 85.1719738, 27.9635426 ], [ 85.1704379, 27.9630308 ], [ 85.1697648, 27.9626298 ], [ 85.1690728, 27.961713 ], [ 85.1687374, 27.9609203 ], [ 85.1686824, 27.9607589 ], [ 85.1686147, 27.9605426 ], [ 85.1682875, 27.9595662 ], [ 85.1679099, 27.9585563 ], [ 85.1675032, 27.9577962 ], [ 85.1670947, 27.9570338 ], [ 85.1666346, 27.9566821 ], [ 85.1656998, 27.956326 ], [ 85.1641117, 27.9557071 ], [ 85.1632558, 27.9555512 ], [ 85.1624635, 27.9552921 ], [ 85.1619412, 27.9548401 ], [ 85.1618866, 27.9544913 ], [ 85.1622625, 27.9538272 ], [ 85.1625544, 27.9531683 ], [ 85.1626008, 27.9524964 ], [ 85.1624398, 27.9502647 ], [ 85.1625999, 27.9490345 ], [ 85.1628659, 27.947379 ], [ 85.1627308, 27.9469735 ], [ 85.1622463, 27.9466233 ], [ 85.161801, 27.9463014 ], [ 85.1611003, 27.9454219 ], [ 85.1601688, 27.9437218 ], [ 85.1599483, 27.9423487 ], [ 85.1592114, 27.9405468 ], [ 85.1583033, 27.939073 ], [ 85.1571413, 27.9376969 ], [ 85.1561354, 27.9362994 ], [ 85.1557918, 27.9355358 ], [ 85.1556677, 27.9351314 ], [ 85.1555407, 27.9346626 ], [ 85.1553276, 27.9340437 ], [ 85.15528, 27.9337759 ], [ 85.1552937, 27.9336297 ], [ 85.1554392, 27.9334816 ], [ 85.1554876, 27.9329836 ], [ 85.1552412, 27.9324458 ], [ 85.1548091, 27.9320262 ], [ 85.1544661, 27.9318483 ], [ 85.1542915, 27.9317982 ], [ 85.1541099, 27.9317732 ], [ 85.1538698, 27.9317822 ], [ 85.1536567, 27.9318226 ], [ 85.1534774, 27.9318645 ], [ 85.1533518, 27.9319169 ], [ 85.1532213, 27.9319745 ], [ 85.1529035, 27.9322668 ], [ 85.152587, 27.9325771 ], [ 85.1523106, 27.9328684 ], [ 85.1521801, 27.9329648 ], [ 85.1519102, 27.9332011 ], [ 85.1518678, 27.9332424 ], [ 85.1515368, 27.933615 ], [ 85.1512398, 27.9339255 ], [ 85.15114, 27.9339796 ], [ 85.1510516, 27.9340036 ], [ 85.1509382, 27.9339896 ], [ 85.1508589, 27.9339555 ], [ 85.150741, 27.9338714 ], [ 85.1506095, 27.9337192 ], [ 85.1503446, 27.9333643 ], [ 85.150258, 27.9332204 ], [ 85.1501764, 27.9330381 ], [ 85.1500336, 27.9327027 ], [ 85.1499837, 27.9325574 ], [ 85.1499517, 27.9324006 ], [ 85.1499202, 27.9322068 ], [ 85.1499089, 27.9320065 ], [ 85.14989, 27.9315582 ], [ 85.1498703, 27.9313475 ], [ 85.1498411, 27.9311532 ], [ 85.1495471, 27.9301652 ], [ 85.1493974, 27.9297254 ], [ 85.1492734, 27.9294425 ], [ 85.1492151, 27.9292902 ], [ 85.1491171, 27.9290659 ], [ 85.149092, 27.9290139 ], [ 85.1490013, 27.9289195 ], [ 85.1489443, 27.9288188 ], [ 85.1489158, 27.9287046 ], [ 85.1489067, 27.9286332 ], [ 85.1489246, 27.9285362 ], [ 85.1489925, 27.9284413 ], [ 85.1491503, 27.928298 ], [ 85.1493015, 27.9282032 ], [ 85.1494965, 27.9280735 ], [ 85.1497967, 27.9278121 ], [ 85.1500355, 27.927574 ], [ 85.1503072, 27.927272 ], [ 85.1505044, 27.9270029 ], [ 85.1506184, 27.9268189 ], [ 85.1507258, 27.926606 ], [ 85.1508331, 27.9263233 ], [ 85.1509359, 27.9260911 ], [ 85.151015, 27.9258974 ], [ 85.1510742, 27.9257019 ], [ 85.1510983, 27.925516 ], [ 85.1511048, 27.9253146 ], [ 85.151118, 27.9251559 ], [ 85.1511333, 27.9249894 ], [ 85.1511599, 27.9248165 ], [ 85.1511837, 27.9246215 ], [ 85.1512275, 27.9244299 ], [ 85.1512911, 27.9241472 ], [ 85.1513283, 27.9239052 ], [ 85.1513415, 27.9237174 ], [ 85.1513524, 27.9233941 ], [ 85.1513305, 27.9231075 ], [ 85.1512933, 27.9229468 ], [ 85.1512385, 27.9227958 ], [ 85.1511158, 27.9226042 ], [ 85.1509383, 27.922335 ], [ 85.1507893, 27.9221705 ], [ 85.1506469, 27.9220717 ], [ 85.150522, 27.9220408 ], [ 85.1502678, 27.9220117 ], [ 85.150007, 27.9219536 ], [ 85.1498471, 27.921911 ], [ 85.1497074, 27.9218874 ], [ 85.1495359, 27.9218491 ], [ 85.1493541, 27.9218162 ], [ 85.1492423, 27.9217813 ], [ 85.1491043, 27.9217155 ], [ 85.1489553, 27.9216342 ], [ 85.1487493, 27.9215199 ], [ 85.1485477, 27.9214076 ], [ 85.1484184, 27.9213379 ], [ 85.1482541, 27.9212566 ], [ 85.1480328, 27.921156 ], [ 85.1477983, 27.9210669 ], [ 85.1475507, 27.9209836 ], [ 85.1470818, 27.920821 ], [ 85.1469131, 27.9207474 ], [ 85.1466808, 27.9206835 ], [ 85.1465384, 27.9206526 ], [ 85.1463478, 27.9206313 ], [ 85.1461067, 27.9206119 ], [ 85.1457386, 27.9205771 ], [ 85.1454209, 27.9205403 ], [ 85.1451295, 27.9205132 ], [ 85.1447438, 27.920488 ], [ 85.1444984, 27.9204802 ], [ 85.1443253, 27.9204744 ], [ 85.1440689, 27.9204628 ], [ 85.1436899, 27.9204512 ], [ 85.1435409, 27.9204551 ], [ 85.1433941, 27.9204357 ], [ 85.1432494, 27.9204144 ], [ 85.1431136, 27.9203544 ], [ 85.1429712, 27.9202382 ], [ 85.1428024, 27.9200892 ], [ 85.1426534, 27.9199827 ], [ 85.1425351, 27.9198646 ], [ 85.1424124, 27.9197058 ], [ 85.142316, 27.9195277 ], [ 85.1421626, 27.9192547 ], [ 85.1420509, 27.9190494 ], [ 85.1419435, 27.9188674 ], [ 85.1417616, 27.9186119 ], [ 85.1415929, 27.9184202 ], [ 85.1414198, 27.9182421 ], [ 85.1412029, 27.9180117 ], [ 85.1410407, 27.9178239 ], [ 85.1408107, 27.9176109 ], [ 85.1406376, 27.9174831 ], [ 85.140436, 27.9173553 ], [ 85.14023, 27.9172372 ], [ 85.1400284, 27.9171501 ], [ 85.1398553, 27.9170668 ], [ 85.1396712, 27.9169971 ], [ 85.1395288, 27.9169661 ], [ 85.1393163, 27.9169371 ], [ 85.1391278, 27.9169158 ], [ 85.1387578, 27.9168768 ], [ 85.1383127, 27.9167977 ], [ 85.1377937, 27.9166871 ], [ 85.1372521, 27.9165897 ], [ 85.1370177, 27.9165344 ], [ 85.1366715, 27.9164434 ], [ 85.1362245, 27.9163136 ], [ 85.1357436, 27.9161586 ] ] } },
{ "type": "Feature", "properties": { "fid": 64, "osm_id": "30499684", "name": "Narayani", "highway": null, "waterway": "river", "aerialway": null, "barrier": null, "man_made": null, "railway": null, "z_order": 0, "other_tags": "\"boat\"=>\"no\",\"name:hi\"=>\"गंडक नदी\"" }, "geometry": { "type": "LineString", "coordinates": [ [ 84.240263894919366, 27.65038114307205 ], [ 84.2392266, 27.6496672 ], [ 84.2387009, 27.6491777 ], [ 84.2382181, 27.648636 ], [ 84.2378265, 27.6481228 ], [ 84.2376226, 27.6475954 ], [ 84.2375314, 27.6467068 ], [ 84.2375282, 27.645681 ], [ 84.2377031, 27.6447775 ], [ 84.2380464, 27.6437558 ], [ 84.2383468, 27.6429099 ], [ 84.2383754, 27.6420204 ], [ 84.2383683, 27.6415318 ], [ 84.2382234, 27.6412562 ], [ 84.2378044, 27.6409432 ], [ 84.2361796, 27.6402154 ], [ 84.2357719, 27.6400776 ], [ 84.235096, 27.639878 ], [ 84.2346454, 27.6396594 ], [ 84.2339158, 27.6392032 ], [ 84.2335778, 27.6390796 ], [ 84.2330307, 27.6389086 ], [ 84.2327464, 27.6387612 ], [ 84.2325479, 27.6385284 ], [ 84.2323923, 27.6382242 ], [ 84.232167, 27.6377252 ], [ 84.2320158, 27.6374762 ], [ 84.231829, 27.6374021 ], [ 84.231534, 27.6373926 ], [ 84.2312819, 27.6374211 ], [ 84.2309439, 27.6375066 ], [ 84.2305791, 27.6375399 ], [ 84.2302251, 27.6375161 ], [ 84.2297906, 27.6374971 ], [ 84.2294365, 27.6374211 ], [ 84.2291468, 27.6372738 ], [ 84.2286479, 27.6369173 ], [ 84.2272961, 27.6359764 ], [ 84.2268294, 27.6356199 ], [ 84.2263949, 27.6351875 ], [ 84.2257082, 27.634256 ], [ 84.2252147, 27.6331914 ], [ 84.2244267, 27.6306072 ], [ 84.2242373, 27.6301384 ], [ 84.223938, 27.6295034 ], [ 84.2220497, 27.628819 ], [ 84.2199039, 27.6282297 ], [ 84.2178118, 27.6278304 ], [ 84.2162454, 27.6275833 ], [ 84.2152047, 27.6273076 ], [ 84.2142069, 27.6269464 ], [ 84.2135417, 27.6265472 ], [ 84.2126405, 27.6257962 ], [ 84.210999, 27.6245225 ], [ 84.2090464, 27.6232677 ], [ 84.2079949, 27.6225738 ], [ 84.206922, 27.6217372 ] ] } },
{ "type": "Feature", "properties": { "fid": 65, "osm_id": "30499740", "name": "Narayani", "highway": null, "waterway": "river", "aerialway": null, "barrier": null, "man_made": null, "railway": null, "z_order": 0, "other_tags": "\"boat\"=>\"no\"" }, "geometry": { "type": "LineString", "coordinates": [ [ 84.223938, 27.6295034 ], [ 84.2234015, 27.6284055 ], [ 84.223144, 27.6280586 ], [ 84.2228383, 27.6277591 ], [ 84.2223448, 27.6274407 ], [ 84.221819, 27.627089 ], [ 84.2209715, 27.6265805 ], [ 84.2206013, 27.626262 ], [ 84.2204189, 27.6260006 ], [ 84.2203277, 27.6256489 ], [ 84.2202258, 27.6247554 ], [ 84.2201507, 27.6242706 ], [ 84.2200381, 27.6237715 ], [ 84.2195928, 27.6230443 ], [ 84.2191529, 27.6224644 ], [ 84.218772, 27.6219986 ], [ 84.2185306, 27.6215471 ], [ 84.218241, 27.6205965 ], [ 84.217844, 27.6192466 ], [ 84.2173612, 27.6182437 ], [ 84.2166746, 27.6166656 ], [ 84.2163795, 27.6159669 ], [ 84.2160791, 27.6155153 ], [ 84.2157733, 27.6152064 ], [ 84.2153871, 27.6149925 ], [ 84.2148775, 27.6149117 ], [ 84.2140835, 27.6149117 ], [ 84.2129999, 27.6148309 ], [ 84.212147, 27.6148071 ], [ 84.2115086, 27.6149877 ], [ 84.2112082, 27.6153014 ], [ 84.2108971, 27.6156294 ], [ 84.2105108, 27.6158956 ], [ 84.2100173, 27.6159812 ], [ 84.2091912, 27.6159717 ], [ 84.2082471, 27.6158291 ], [ 84.2072976, 27.6155486 ], [ 84.2062676, 27.6149877 ], [ 84.205184, 27.6141607 ], [ 84.2041433, 27.6129628 ], [ 84.2031777, 27.6111375 ], [ 84.2024481, 27.6095973 ], [ 84.201858, 27.6086561 ], [ 84.2016435, 27.6081713 ], [ 84.201504, 27.6074107 ], [ 84.2014611, 27.6067071 ], [ 84.2015361, 27.6052716 ] ] } },
{ "type": "Feature", "properties": { "fid": 66, "osm_id": "30499745", "name": "Narayani", "highway": null, "waterway": "river", "aerialway": null, "barrier": null, "man_made": null, "railway": null, "z_order": 0, "other_tags": "\"boat\"=>\"no\",\"name:hi\"=>\"गंडक नदी\"" }, "geometry": { "type": "LineString", "coordinates": [ [ 84.2688821, 27.649444 ], [ 84.2652767, 27.6482426 ], [ 84.2621369, 27.6470089 ], [ 84.2613537, 27.646914 ], [ 84.2608817, 27.6469234 ], [ 84.2604391, 27.6469746 ], [ 84.2579699, 27.6472865 ], [ 84.2557061, 27.64722 ], [ 84.2550033, 27.647239 ], [ 84.2546439, 27.6473245 ], [ 84.2544132, 27.6475288 ], [ 84.2542577, 27.6477522 ], [ 84.254086, 27.6479233 ], [ 84.2537266, 27.6480088 ], [ 84.2526108, 27.6481086 ], [ 84.2501807, 27.6480183 ], [ 84.249258, 27.6479185 ], [ 84.2484373, 27.6477379 ], [ 84.2476809, 27.6474291 ], [ 84.2471874, 27.6470917 ], [ 84.2466402, 27.6464454 ], [ 84.2462325, 27.6457659 ], [ 84.2458409, 27.644958 ], [ 84.2454761, 27.6438936 ], [ 84.2453742, 27.6433756 ], [ 84.2453581, 27.6428101 ], [ 84.2453903, 27.64195 ], [ 84.2453045, 27.641489 ], [ 84.2450255, 27.6408617 ], [ 84.2446607, 27.6403818 ], [ 84.2439204, 27.63984 ], [ 84.2427081, 27.6392935 ], [ 84.2415762, 27.638823 ], [ 84.2401868, 27.6383098 ], [ 84.2391461, 27.6379866 ], [ 84.2381215, 27.6378155 ], [ 84.2364693, 27.6376682 ], [ 84.2344254, 27.6374353 ], [ 84.2331433, 27.6373878 ], [ 84.2320158, 27.6374762 ] ] } },
{ "type": "Feature", "properties": { "fid": 67, "osm_id": "30499886", "name": "Narayani", "highway": null, "waterway": "river", "aerialway": null, "barrier": null, "man_made": null, "railway": null, "z_order": 0, "other_tags": "\"boat\"=>\"no\"" }, "geometry": { "type": "LineString", "coordinates": [ [ 84.206922, 27.6217372 ], [ 84.2055166, 27.6205395 ], [ 84.2041969, 27.6194367 ], [ 84.2034137, 27.6188759 ], [ 84.2027485, 27.6186192 ], [ 84.2022014, 27.6185907 ], [ 84.2017507, 27.6188093 ], [ 84.2012358, 27.6191325 ], [ 84.2005813, 27.6193702 ], [ 84.2000127, 27.6194272 ], [ 84.1992402, 27.6192751 ], [ 84.1981459, 27.6187903 ], [ 84.1969411, 27.6180446 ], [ 84.1965043, 27.617507 ], [ 84.1957211, 27.6166324 ], [ 84.195174, 27.6155676 ], [ 84.1946804, 27.6138089 ], [ 84.1942406, 27.6122213 ], [ 84.1937363, 27.6108713 ], [ 84.1930307, 27.6096229 ], [ 84.1918443, 27.6088141 ], [ 84.1906471, 27.6081478 ], [ 84.1892195, 27.6079241 ], [ 84.1882646, 27.6082473 ], [ 84.1866767, 27.6091838 ], [ 84.1852148, 27.6105165 ], [ 84.1835546, 27.6115273 ], [ 84.1826963, 27.6116889 ], [ 84.1818488, 27.6116509 ], [ 84.181087, 27.6114132 ], [ 84.1803789, 27.6108808 ], [ 84.1794141, 27.609122 ], [ 84.1792095, 27.6079241 ], [ 84.1789305, 27.6068498 ], [ 84.1788876, 27.6057564 ], [ 84.1790807, 27.6047296 ], [ 84.1796708, 27.6030848 ], [ 84.1798854, 27.6016871 ], [ 84.1798532, 27.6000518 ], [ 84.1796064, 27.5990915 ], [ 84.1789949, 27.5981122 ], [ 84.1780829, 27.5973705 ], [ 84.177048, 27.5968208 ], [ 84.1756991, 27.5962975 ], [ 84.1735446, 27.595621 ], [ 84.1722894, 27.5951836 ], [ 84.1706049, 27.594518 ], [ 84.169414, 27.5939951 ], [ 84.1686416, 27.5937383 ], [ 84.1678208, 27.5936052 ], [ 84.1660076, 27.5934911 ], [ 84.1653049, 27.593358 ], [ 84.1644788, 27.5930347 ], [ 84.1637599, 27.5924642 ], [ 84.1630089, 27.5916084 ], [ 84.1623437, 27.5908192 ], [ 84.1611957, 27.5889935 ], [ 84.1608202, 27.5879951 ], [ 84.1607773, 27.5867589 ], [ 84.1606593, 27.5855608 ], [ 84.1605735, 27.585266 ], [ 84.1603911, 27.5844957 ], [ 84.1602301, 27.5839632 ] ] } },
{ "type": "Feature", "properties": { "fid": 68, "osm_id": "30499936", "name": "Narayani", "highway": null, "waterway": "river", "aerialway": null, "barrier": null, "man_made": null, "railway": null, "z_order": 0, "other_tags": "\"boat\"=>\"no\"" }, "geometry": { "type": "LineString", "coordinates": [ [ 84.2041433, 27.6129628 ], [ 84.2026734, 27.6112706 ], [ 84.2023086, 27.6109616 ], [ 84.2018849, 27.6106811 ], [ 84.2013109, 27.6104625 ], [ 84.2006779, 27.6104054 ], [ 84.2000824, 27.6104672 ], [ 84.1995835, 27.6107192 ], [ 84.1989452, 27.6112088 ], [ 84.1985106, 27.6115273 ], [ 84.1980547, 27.6116413 ], [ 84.1975665, 27.6116081 ], [ 84.196735, 27.6114037 ], [ 84.1952974, 27.6108618 ], [ 84.1944605, 27.6104387 ], [ 84.1938704, 27.6101202 ], [ 84.1930307, 27.6096229 ] ] } },
{ "type": "Feature", "properties": { "fid": 69, "osm_id": "30499965", "name": "Narayani", "highway": null, "waterway": "river", "aerialway": null, "barrier": null, "man_made": null, "railway": null, "z_order": 0, "other_tags": "\"boat\"=>\"no\"" }, "geometry": { "type": "LineString", "coordinates": [ [ 84.1946439, 27.5948972 ], [ 84.194264, 27.5954705 ], [ 84.193802, 27.5958982 ], [ 84.1933092, 27.5962803 ], [ 84.1927753, 27.5966443 ], [ 84.1919128, 27.5969537 ], [ 84.1912865, 27.5971357 ], [ 84.1906499, 27.5971903 ], [ 84.1891817, 27.5970993 ], [ 84.1880318, 27.5968991 ], [ 84.1870546, 27.5967313 ], [ 84.1861528, 27.5965078 ], [ 84.1851725, 27.5962065 ], [ 84.1844792, 27.5959892 ], [ 84.1838068, 27.5956258 ], [ 84.1829494, 27.5950428 ], [ 84.1821968, 27.5944161 ], [ 84.180329, 27.5923902 ], [ 84.1793456, 27.5911937 ], [ 84.1784318, 27.5896013 ], [ 84.1778876, 27.5885093 ], [ 84.1774872, 27.5876721 ], [ 84.1768474, 27.5866166 ], [ 84.1762962, 27.5858521 ], [ 84.1755091, 27.5848964 ], [ 84.1744994, 27.5837863 ], [ 84.1733597, 27.5827625 ] ] } },
{ "type": "Feature", "properties": { "fid": 70, "osm_id": "30499967", "name": "Narayani", "highway": null, "waterway": "river", "aerialway": null, "barrier": null, "man_made": null, "railway": null, "z_order": 0, "other_tags": "\"boat\"=>\"no\"" }, "geometry": { "type": "LineString", "coordinates": [ [ 84.1608202, 27.5879951 ], [ 84.1599727, 27.5872344 ], [ 84.1595811, 27.5869158 ], [ 84.1591251, 27.586602 ], [ 84.1582936, 27.5861361 ], [ 84.1574621, 27.5856035 ], [ 84.1571832, 27.585323 ], [ 84.156974, 27.5849997 ], [ 84.1567272, 27.5843911 ], [ 84.156695, 27.5841867 ], [ 84.1566896, 27.5838966 ], [ 84.1568184, 27.5829362 ], [ 84.1570651, 27.5815478 ], [ 84.15718, 27.580154 ], [ 84.1571081, 27.5795223 ], [ 84.1568828, 27.5782955 ], [ 84.1557391, 27.5756974 ], [ 84.1549796, 27.5735591 ], [ 84.1535032, 27.5704877 ], [ 84.1524947, 27.5673587 ], [ 84.1522801, 27.5659796 ], [ 84.1523015, 27.5648383 ], [ 84.1526288, 27.5627293 ] ] } },
{ "type": "Feature", "properties": { "fid": 71, "osm_id": "30499994", "name": "Narayani", "highway": null, "waterway": "river", "aerialway": null, "barrier": null, "man_made": null, "railway": null, "z_order": 0, "other_tags": "\"boat\"=>\"no\"" }, "geometry": { "type": "LineString", "coordinates": [ [ 84.157864668987287, 27.600827163514914 ], [ 84.1578725, 27.6005605 ], [ 84.1578108, 27.6001992 ], [ 84.1576204, 27.5998022 ], [ 84.1573092, 27.5992377 ], [ 84.1572361, 27.5991604 ], [ 84.1570886, 27.5990713 ], [ 84.1569666, 27.599038 ], [ 84.15687, 27.5989804 ], [ 84.1567828, 27.5988995 ], [ 84.1567352, 27.5987979 ], [ 84.1566199, 27.598319 ], [ 84.1563061, 27.5974062 ], [ 84.1560218, 27.5967572 ], [ 84.1556382, 27.5964696 ], [ 84.155252, 27.5962438 ], [ 84.1550535, 27.5961142 ], [ 84.1548295, 27.5959181 ], [ 84.1547061, 27.5957731 ] ] } },
{ "type": "Feature", "properties": { "fid": 87, "osm_id": "44688760", "name": "Narayani", "highway": null, "waterway": "river", "aerialway": null, "barrier": null, "man_made": null, "railway": null, "z_order": 0, "other_tags": "\"boat\"=>\"no\",\"name:hi\"=>\"गंडक नदी\"" }, "geometry": { "type": "MultiLineString", "coordinates": [ [ [ 84.1323522, 27.5460663 ], [ 84.1317687, 27.5461551 ], [ 84.1313755, 27.5462836 ], [ 84.1307133, 27.5465588 ], [ 84.1304132, 27.5468799 ], [ 84.1300096, 27.5473019 ], [ 84.1296475, 27.5477606 ], [ 84.1293371, 27.5483203 ], [ 84.1288404, 27.5492285 ], [ 84.1283334, 27.550045 ], [ 84.1277643, 27.5507422 ], [ 84.1272055, 27.5512009 ], [ 84.1262639, 27.5517697 ], [ 84.1253533, 27.5521367 ], [ 84.1246807, 27.5523293 ], [ 84.1240806, 27.5524486 ], [ 84.1230148, 27.5525311 ], [ 84.1222801, 27.5524853 ], [ 84.1217835, 27.5524302 ], [ 84.1211833, 27.5522651 ], [ 84.1207487, 27.5521275 ], [ 84.1202831, 27.551944 ], [ 84.1198692, 27.5518981 ], [ 84.1196519, 27.5520358 ], [ 84.1196623, 27.5523201 ], [ 84.119745, 27.5526596 ], [ 84.1199416, 27.5529256 ], [ 84.1203969, 27.5533751 ], [ 84.1207694, 27.5536228 ], [ 84.1209971, 27.5538705 ], [ 84.120966, 27.554109 ], [ 84.1207588, 27.5542425 ], [ 84.1202867, 27.5542616 ], [ 84.1198146, 27.5542616 ], [ 84.1192782, 27.5542616 ], [ 84.119083282323885, 27.554286768981481 ] ], [ [ 84.108953027816611, 27.551631693731316 ], [ 84.108324, 27.5511702 ], [ 84.1076267, 27.5509609 ], [ 84.1065752, 27.5507706 ], [ 84.1050839, 27.5505519 ], [ 84.1038501, 27.5503997 ], [ 84.1019082, 27.5501999 ], [ 84.1008675, 27.5500192 ], [ 84.0999985, 27.5498004 ], [ 84.0995479, 27.5495721 ], [ 84.0991187, 27.5492106 ], [ 84.0983033, 27.5484687 ], [ 84.0978205, 27.5481738 ], [ 84.0972841, 27.5480026 ], [ 84.0964901, 27.5479074 ], [ 84.095664, 27.547974 ], [ 84.0949237, 27.5481643 ], [ 84.0938723, 27.5486399 ], [ 84.0934002, 27.5489823 ], [ 84.0928531, 27.549515 ], [ 84.0921771, 27.5502284 ], [ 84.0915656, 27.5511321 ], [ 84.0912115, 27.5520072 ], [ 84.090482, 27.5542806 ], [ 84.0900743, 27.554975 ], [ 84.089739298206709, 27.5552807075027 ] ], [ [ 84.087418243531843, 27.556480334638458 ], [ 84.0848279, 27.5570961 ], [ 84.082607, 27.5573148 ], [ 84.0804398, 27.5579046 ], [ 84.0793991, 27.5584182 ], [ 84.0782189, 27.5590745 ], [ 84.077787629343831, 27.559354278382347 ] ], [ [ 84.055018485916989, 27.556221950834928 ], [ 84.0537572, 27.5551842 ], [ 84.0495944, 27.5525494 ], [ 84.0486824, 27.5519787 ], [ 84.047867, 27.5515601 ], [ 84.0466976, 27.5513509 ], [ 84.045679249629671, 27.551329402465203 ] ], [ [ 84.030687634482376, 27.536930291201138 ], [ 84.0300677, 27.5365761 ], [ 84.0285015, 27.5361684 ], [ 84.0268707, 27.5360067 ], [ 84.0251648, 27.5361209 ], [ 84.02318, 27.536587 ], [ 84.020412, 27.5377191 ], [ 84.017823513959783, 27.539069108840639 ] ], [ [ 84.014893303979377, 27.540624464808975 ], [ 84.0116899, 27.5424137 ], [ 84.0087319, 27.544215 ], [ 84.008521995682798, 27.544320657182578 ] ], [ [ 83.985597530062591, 27.54423418305171 ], [ 83.9851141, 27.5439121 ], [ 83.984395, 27.5436432 ], [ 83.9834618, 27.5435316 ], [ 83.9818525, 27.5438931 ], [ 83.9798033, 27.54454 ], [ 83.9769924, 27.5455103 ], [ 83.9755654, 27.5463474 ], [ 83.974278, 27.5474318 ], [ 83.973366, 27.5484496 ], [ 83.9730763, 27.5490965 ], [ 83.9728618, 27.5498099 ], [ 83.972499754049849, 27.550347485936701 ] ], [ [ 83.944340962720091, 27.540993486254834 ], [ 83.9443016, 27.5409821 ], [ 83.9423489, 27.5407919 ], [ 83.9403534, 27.5410487 ], [ 83.9385402, 27.5417432 ], [ 83.9372313, 27.5424662 ], [ 83.9362228, 27.5432367 ], [ 83.9352894, 27.5444544 ], [ 83.934969405755751, 27.544927221470857 ] ], [ [ 83.931931963768548, 27.512890045585838 ], [ 83.933782, 27.5130245 ], [ 83.9355522, 27.5133528 ], [ 83.9371153, 27.5136863 ], [ 83.9378061, 27.5139147 ], [ 83.9383381, 27.5140978 ], [ 83.9393167, 27.5144859 ], [ 83.9402067, 27.5148391 ], [ 83.9408573, 27.5151267 ], [ 83.9422816, 27.5158385 ], [ 83.9433274, 27.5163761 ], [ 83.9444622, 27.516966 ], [ 83.9449317, 27.5172796 ], [ 83.9453884, 27.5176794 ], [ 83.9461085, 27.5183908 ], [ 83.9467526, 27.5190295 ], [ 83.9472553, 27.5195333 ], [ 83.9478182, 27.5202238 ], [ 83.9482807, 27.5208677 ], [ 83.9486672, 27.5214284 ], [ 83.9490477, 27.5220619 ], [ 83.949358, 27.5226175 ], [ 83.9496121, 27.5232078 ], [ 83.9503066, 27.5247204 ], [ 83.9507398, 27.5254992 ], [ 83.9510501, 27.5259717 ], [ 83.9514776, 27.526491 ], [ 83.952227, 27.5273165 ], [ 83.9524963, 27.5275294 ], [ 83.9528066, 27.5276903 ], [ 83.9531673, 27.5277735 ], [ 83.9533921, 27.5278565 ], [ 83.95381, 27.5279177 ], [ 83.954206, 27.5278876 ], [ 83.9546041, 27.5278046 ], [ 83.9553838, 27.5274306 ], [ 83.955586124015227, 27.527338309056265 ] ] ] } },
{ "type": "Feature", "properties": { "fid": 112, "osm_id": "84953861", "name": "Trishuli Ganga River", "highway": null, "waterway": "river", "aerialway": null, "barrier": null, "man_made": null, "railway": null, "z_order": 0, "other_tags": "\"boat\"=>\"no\"" }, "geometry": { "type": "LineString", "coordinates": [ [ 85.2710554, 28.1046086 ], [ 85.2709716, 28.1042902 ], [ 85.2709017, 28.1041608 ], [ 85.2708132, 28.1040786 ], [ 85.2706991, 28.1040129 ], [ 85.2705617, 28.1039595 ], [ 85.2703148, 28.1039081 ], [ 85.2701239, 28.1038999 ], [ 85.2700097, 28.1038382 ], [ 85.2699189, 28.1037602 ], [ 85.2697792, 28.1036636 ], [ 85.2695416, 28.1035671 ], [ 85.2693227, 28.1034787 ], [ 85.2691876, 28.1033924 ], [ 85.2691084, 28.1032918 ], [ 85.2690059, 28.1030452 ], [ 85.268964, 28.1028973 ], [ 85.2689058, 28.1027371 ], [ 85.2688382, 28.1026303 ], [ 85.2686659, 28.1024577 ], [ 85.2685471, 28.1024043 ], [ 85.2683864, 28.1023467 ], [ 85.2682281, 28.1023098 ], [ 85.2680441, 28.1022995 ], [ 85.2678484, 28.1023077 ], [ 85.2676924, 28.1023406 ], [ 85.2675573, 28.1024043 ], [ 85.2674292, 28.1024454 ], [ 85.2673244, 28.1024659 ], [ 85.2672382, 28.1024721 ], [ 85.2671451, 28.1024556 ], [ 85.2670705, 28.1024392 ], [ 85.2669657, 28.1023714 ], [ 85.2668516, 28.102244 ], [ 85.2666932, 28.1020653 ], [ 85.2666187, 28.1019831 ], [ 85.2665442, 28.101866 ], [ 85.266458, 28.1016667 ], [ 85.2664231, 28.1015435 ], [ 85.2663765, 28.1014572 ], [ 85.2662973, 28.1013914 ], [ 85.266118, 28.101336 ], [ 85.265948, 28.1013298 ], [ 85.2658851, 28.1013072 ], [ 85.2658315, 28.101262 ], [ 85.2657919, 28.1011922 ], [ 85.2657337, 28.1010874 ], [ 85.2656336, 28.1009497 ], [ 85.2654752, 28.1007731 ], [ 85.2653378, 28.1006436 ], [ 85.2651491, 28.1004854 ], [ 85.2649512, 28.1003334 ], [ 85.2646717, 28.1000376 ], [ 85.2645063, 28.0998835 ], [ 85.2643806, 28.0997376 ], [ 85.2642781, 28.099565 ], [ 85.2641826, 28.0993514 ], [ 85.26415, 28.0992445 ], [ 85.2641197, 28.0991213 ], [ 85.2640731, 28.0989446 ], [ 85.2640103, 28.0988603 ], [ 85.2639357, 28.0987535 ], [ 85.2638412, 28.0985804 ], [ 85.263796, 28.0984994 ], [ 85.2636236, 28.0982871 ], [ 85.2635118, 28.0981721 ], [ 85.2634415, 28.0981075 ], [ 85.2633208, 28.0979986 ], [ 85.2631183, 28.0978484 ], [ 85.2629252, 28.097749 ], [ 85.2626368, 28.0976153 ], [ 85.2621326, 28.0973728 ], [ 85.2619649, 28.0972486 ], [ 85.2618442, 28.0971457 ], [ 85.2616981, 28.09698 ], [ 85.2614956, 28.0967434 ], [ 85.2612582, 28.0964654 ], [ 85.2610731, 28.0962726 ], [ 85.2608424, 28.0960958 ], [ 85.2603355, 28.0958952 ], [ 85.2595496, 28.0956775 ], [ 85.2585974, 28.095474 ], [ 85.2577016, 28.0953604 ], [ 85.2568969, 28.0952326 ], [ 85.2562344, 28.0951404 ], [ 85.2556095, 28.0950292 ], [ 85.2548853, 28.094763 ], [ 85.2545017, 28.0945701 ], [ 85.2539545, 28.0942389 ], [ 85.2533323, 28.0938035 ], [ 85.2526204, 28.0933609 ], [ 85.2520609, 28.0931078 ], [ 85.2514654, 28.092928 ], [ 85.2496684, 28.0927245 ], [ 85.2488476, 28.0926724 ], [ 85.2479571, 28.0926535 ], [ 85.2469218, 28.0926109 ], [ 85.2458408, 28.0925423 ], [ 85.2448887, 28.0924855 ], [ 85.2441671, 28.0924902 ], [ 85.2436924, 28.0925115 ], [ 85.2432471, 28.0924784 ], [ 85.2428582, 28.0924074 ], [ 85.2423245, 28.0922394 ], [ 85.2420455, 28.0921116 ], [ 85.2417746, 28.0919744 ], [ 85.2415118, 28.091752 ], [ 85.2411523, 28.0915627 ], [ 85.2407715, 28.0914609 ], [ 85.2400419, 28.0913923 ], [ 85.2386606, 28.0913757 ], [ 85.2376977, 28.0913119 ], [ 85.2370325, 28.0912101 ], [ 85.2362573, 28.0909711 ], [ 85.2335697, 28.0900483 ], [ 85.2328482, 28.0897856 ], [ 85.2321884, 28.0895537 ], [ 85.2318826, 28.0894449 ], [ 85.2316385, 28.0893289 ], [ 85.2314079, 28.0891657 ], [ 85.2311799, 28.0889906 ], [ 85.2309975, 28.0887681 ], [ 85.2307078, 28.0883233 ], [ 85.2302411, 28.0878145 ], [ 85.2297851, 28.0874548 ], [ 85.2296993, 28.0873554 ], [ 85.2295572, 28.0869816 ], [ 85.2294552, 28.0867899 ], [ 85.2293506, 28.0866384 ], [ 85.2292433, 28.0864894 ], [ 85.2291092, 28.0863616 ], [ 85.2290288, 28.0862764 ], [ 85.2289805, 28.0861675 ], [ 85.2289376, 28.0858528 ], [ 85.2289, 28.0856777 ], [ 85.2288651, 28.0855144 ], [ 85.2288142, 28.0854292 ], [ 85.2287284, 28.0853417 ], [ 85.2286211, 28.0852683 ], [ 85.2284548, 28.0851902 ], [ 85.2283153, 28.0851571 ], [ 85.2277037, 28.0850553 ], [ 85.2272156, 28.0849252 ], [ 85.2267998, 28.0847856 ], [ 85.2264807, 28.0846436 ], [ 85.2260971, 28.0844306 ], [ 85.2258664, 28.0843241 ], [ 85.2252373, 28.0840919 ], [ 85.225103, 28.0840315 ], [ 85.2247698, 28.0838421 ], [ 85.2246353, 28.0837657 ], [ 85.2243215, 28.0835503 ], [ 85.223954, 28.0833089 ], [ 85.2235249, 28.0830841 ], [ 85.2230926, 28.0829039 ], [ 85.2223416, 28.082637 ], [ 85.2221988, 28.082578 ], [ 85.2220567, 28.0824796 ], [ 85.2219611, 28.08236 ], [ 85.221878, 28.0822417 ], [ 85.2217734, 28.0820476 ], [ 85.2216715, 28.0819033 ], [ 85.2215543, 28.0817885 ], [ 85.2212289, 28.0816004 ], [ 85.2207836, 28.081385 ], [ 85.2203652, 28.0812217 ], [ 85.2197295, 28.0810135 ], [ 85.2194023, 28.0808904 ], [ 85.2191448, 28.0807461 ], [ 85.2189866, 28.0806065 ], [ 85.2188015, 28.0803958 ], [ 85.2186674, 28.0802278 ], [ 85.218485, 28.080003 ], [ 85.2183589, 28.0798563 ], [ 85.2182028, 28.0797126 ], [ 85.2179007, 28.0794701 ], [ 85.2178874, 28.0794598 ], [ 85.2177782, 28.079389 ], [ 85.2176865, 28.0793173 ], [ 85.2175483, 28.0791764 ], [ 85.2174587, 28.0790475 ], [ 85.2173282, 28.0788018 ], [ 85.2171469, 28.0785771 ], [ 85.2169583, 28.0783928 ], [ 85.2166371, 28.0781825 ], [ 85.21653, 28.0780994 ], [ 85.216492, 28.0780575 ], [ 85.2164061, 28.0778896 ], [ 85.2163146, 28.0777831 ], [ 85.2162355, 28.0777331 ], [ 85.2159512, 28.0776624 ], [ 85.2157672, 28.0775736 ], [ 85.2157047, 28.0775321 ], [ 85.2152953, 28.0771988 ], [ 85.215087, 28.0770532 ], [ 85.2150142, 28.0770023 ], [ 85.214582, 28.0767799 ], [ 85.2135014, 28.0762876 ], [ 85.2128995, 28.0759548 ], [ 85.212885, 28.0759468 ], [ 85.2125144, 28.0757196 ], [ 85.2116963, 28.0751283 ], [ 85.2114714, 28.0749819 ], [ 85.2112937, 28.0749158 ], [ 85.2109564, 28.0748422 ], [ 85.2107155, 28.0748141 ], [ 85.2102698, 28.0747973 ], [ 85.2100557, 28.0747645 ], [ 85.2098524, 28.0747062 ], [ 85.2097574, 28.0746671 ], [ 85.2095853, 28.0745681 ], [ 85.2095103, 28.0745079 ], [ 85.2093513, 28.0743434 ], [ 85.209173, 28.0741294 ], [ 85.2088511, 28.0736956 ], [ 85.2087539, 28.073547 ], [ 85.2086393, 28.0733444 ], [ 85.2085087, 28.0730607 ], [ 85.2083926, 28.0726968 ], [ 85.2083212, 28.0722852 ], [ 85.2082993, 28.0719323 ], [ 85.2083087, 28.071507 ], [ 85.2083079, 28.0710515 ], [ 85.2082934, 28.0708966 ], [ 85.2082658, 28.0707591 ], [ 85.208206, 28.0706033 ], [ 85.2081573, 28.0705066 ], [ 85.2080204, 28.0702899 ], [ 85.2079313, 28.0701756 ], [ 85.2077101, 28.0699496 ], [ 85.2075772, 28.0698437 ], [ 85.2074289, 28.0697462 ], [ 85.2071282, 28.0695832 ], [ 85.2069395, 28.0694888 ], [ 85.2067316, 28.0694107 ], [ 85.2062065, 28.0692415 ], [ 85.205922, 28.069134 ], [ 85.2055355, 28.0689646 ], [ 85.2054226, 28.0689036 ], [ 85.20536, 28.0688574 ], [ 85.2052825, 28.0687782 ], [ 85.2052399, 28.0687121 ], [ 85.2052032, 28.0686301 ], [ 85.2051725, 28.068525 ], [ 85.2051543, 28.0683858 ], [ 85.2051172, 28.0677943 ], [ 85.2051226, 28.0673492 ], [ 85.2051635, 28.0670106 ], [ 85.2053128, 28.0665505 ], [ 85.2054647, 28.0661623 ], [ 85.2055031, 28.0660866 ], [ 85.2055859, 28.0659645 ], [ 85.2058706, 28.0656197 ], [ 85.2062253, 28.0652287 ], [ 85.2063101, 28.0650963 ], [ 85.2063549, 28.0650264 ], [ 85.2065984, 28.0646015 ], [ 85.2068474, 28.0641391 ], [ 85.2072168, 28.0633692 ], [ 85.2074316, 28.0628702 ], [ 85.2075072, 28.0626323 ], [ 85.2076549, 28.0621671 ], [ 85.2077493, 28.0618632 ], [ 85.2077916, 28.0616979 ], [ 85.2078792, 28.0613246 ], [ 85.2079306, 28.0609033 ], [ 85.2079608, 28.0606393 ], [ 85.207994, 28.060362 ], [ 85.2080756, 28.0600847 ], [ 85.2081844, 28.0597941 ], [ 85.2083234, 28.0595488 ], [ 85.208408, 28.0592955 ], [ 85.2085168, 28.0587142 ], [ 85.2085863, 28.0582822 ], [ 85.2086558, 28.0579702 ], [ 85.208692, 28.0577089 ], [ 85.208695, 28.0575089 ], [ 85.2087068, 28.0571865 ], [ 85.2087162, 28.0565863 ], [ 85.2087378, 28.0562124 ], [ 85.2087494, 28.0560504 ], [ 85.2087222, 28.055885 ], [ 85.2086739, 28.0557037 ], [ 85.2085681, 28.0554584 ], [ 85.2082781, 28.0549837 ], [ 85.2080847, 28.0547011 ], [ 85.207997, 28.0545731 ], [ 85.2076496, 28.0540211 ], [ 85.207157, 28.0532291 ], [ 85.2069093, 28.0528212 ], [ 85.2068126, 28.0526692 ], [ 85.2066675, 28.0524638 ], [ 85.20645, 28.0522212 ], [ 85.2062838, 28.0521145 ], [ 85.2061267, 28.0520398 ], [ 85.2056463, 28.0518932 ], [ 85.2054106, 28.0518238 ], [ 85.2052051, 28.0516798 ], [ 85.2050208, 28.0515385 ], [ 85.2045947, 28.0512052 ], [ 85.2042291, 28.0508985 ], [ 85.2037517, 28.0505172 ], [ 85.2029389, 28.0499652 ], [ 85.2028271, 28.0498452 ], [ 85.2026967, 28.0496576 ], [ 85.2026696, 28.0496102 ], [ 85.2025417, 28.0493866 ], [ 85.2024978, 28.0491465 ], [ 85.2024796, 28.0489492 ], [ 85.2024736, 28.0487492 ], [ 85.2024736, 28.0484558 ], [ 85.2024524, 28.0482478 ], [ 85.2023708, 28.0480398 ], [ 85.2021352, 28.0475998 ], [ 85.2019267, 28.0472238 ], [ 85.2014493, 28.0463625 ], [ 85.2009356, 28.0454398 ], [ 85.2007599, 28.045232 ], [ 85.1992857, 28.0442181 ], [ 85.1977716, 28.0432499 ], [ 85.1967953, 28.0424864 ], [ 85.1954529, 28.0415845 ], [ 85.19519, 28.0413915 ], [ 85.1949513, 28.0411465 ], [ 85.1945624, 28.0407156 ], [ 85.1942271, 28.0402777 ], [ 85.1939119, 28.0398303 ], [ 85.1937269, 28.0394136 ], [ 85.1935284, 28.0383258 ], [ 85.1935297, 28.0380452 ], [ 85.1935311, 28.0376558 ], [ 85.1935525, 28.0374581 ], [ 85.1937336, 28.0369598 ], [ 85.1940259, 28.0364389 ], [ 85.1942298, 28.036169 ], [ 85.1945704, 28.0358045 ], [ 85.1947153, 28.035634 ], [ 85.1948091, 28.0353759 ], [ 85.1948225, 28.0349356 ], [ 85.1948145, 28.0344739 ], [ 85.194793, 28.0340857 ], [ 85.1947609, 28.0336193 ], [ 85.1947099, 28.0333044 ], [ 85.1946214, 28.0330866 ], [ 85.1945516, 28.032999 ], [ 85.1944068, 28.0328995 ], [ 85.1942486, 28.0327575 ], [ 85.1940903, 28.0325515 ], [ 85.1939987, 28.032384 ], [ 85.1939052, 28.0321254 ], [ 85.1937443, 28.0316874 ], [ 85.1934198, 28.0309439 ], [ 85.1929389, 28.0299247 ] ] } },
{ "type": "Feature", "properties": { "fid": 124, "osm_id": "119684552", "name": "Trishuli Ganga River", "highway": null, "waterway": "river", "aerialway": null, "barrier": null, "man_made": null, "railway": null, "z_order": 0, "other_tags": "\"boat\"=>\"no\"" }, "geometry": { "type": "LineString", "coordinates": [ [ 85.2981267, 28.1275022 ], [ 85.2980461, 28.1273133 ], [ 85.297939, 28.1271264 ], [ 85.297776, 28.1268183 ], [ 85.2976758, 28.126656 ], [ 85.2975361, 28.1264958 ], [ 85.2974126, 28.1264198 ], [ 85.2972566, 28.1263849 ], [ 85.2970656, 28.1263582 ], [ 85.2969701, 28.1263027 ], [ 85.2968653, 28.1261918 ], [ 85.2967465, 28.1260439 ], [ 85.29653, 28.1258714 ], [ 85.2963134, 28.1257605 ], [ 85.2960409, 28.1256619 ], [ 85.2956962, 28.1255366 ], [ 85.2954237, 28.1254298 ], [ 85.2952048, 28.1253189 ], [ 85.2949579, 28.1251546 ], [ 85.294555, 28.1248423 ], [ 85.2942219, 28.124561 ], [ 85.2940403, 28.1243638 ], [ 85.2937911, 28.1240926 ], [ 85.2935815, 28.1237784 ], [ 85.2934114, 28.1234415 ], [ 85.2932717, 28.1231909 ], [ 85.2931506, 28.1230492 ], [ 85.2929876, 28.1229054 ], [ 85.2928595, 28.1228356 ], [ 85.2926592, 28.1227493 ], [ 85.2923378, 28.122624 ], [ 85.292198, 28.1225521 ], [ 85.2920117, 28.1224761 ], [ 85.2918394, 28.1224453 ], [ 85.2916135, 28.1224268 ], [ 85.2914085, 28.1223139 ], [ 85.2912571, 28.1221927 ], [ 85.2911081, 28.1219667 ], [ 85.2909078, 28.1216216 ], [ 85.2907401, 28.1213094 ], [ 85.2905375, 28.1210506 ], [ 85.290265, 28.1208349 ], [ 85.2900134, 28.1206809 ], [ 85.2898318, 28.1205885 ], [ 85.2895243, 28.1204775 ], [ 85.2893194, 28.1204303 ], [ 85.2890725, 28.1203153 ], [ 85.2889561, 28.1202043 ], [ 85.2887092, 28.1198921 ], [ 85.2885066, 28.1195573 ], [ 85.2882807, 28.1191711 ], [ 85.2881246, 28.118937 ], [ 85.2879104, 28.1187131 ], [ 85.2876425, 28.1185241 ], [ 85.2874981, 28.118446 ], [ 85.2873188, 28.1183741 ], [ 85.2871348, 28.1183207 ], [ 85.2869601, 28.1182529 ], [ 85.2867039, 28.1181749 ], [ 85.2864757, 28.1180886 ], [ 85.2860518, 28.1179428 ], [ 85.2856885, 28.1177641 ], [ 85.2853322, 28.1175566 ], [ 85.285069, 28.1174005 ], [ 85.2849223, 28.1173101 ], [ 85.2847359, 28.1172033 ], [ 85.2845403, 28.1170924 ], [ 85.2843796, 28.1170431 ], [ 85.2841607, 28.1169876 ], [ 85.284014, 28.1169095 ], [ 85.2839242, 28.1168138 ], [ 85.2838113, 28.1166898 ], [ 85.2837089, 28.1165829 ], [ 85.2835295, 28.1164946 ], [ 85.283257, 28.1164083 ], [ 85.2830544, 28.1163241 ], [ 85.2828891, 28.1162214 ], [ 85.2826966, 28.1159926 ], [ 85.282649, 28.1158854 ], [ 85.2826793, 28.1149703 ], [ 85.28257, 28.1154264 ], [ 85.2824792, 28.1151409 ], [ 85.282393, 28.1148821 ], [ 85.2822858, 28.114652 ], [ 85.2821065, 28.1143583 ], [ 85.2818759, 28.1140296 ], [ 85.2815569, 28.1136968 ], [ 85.2812122, 28.1132819 ], [ 85.2809816, 28.1130682 ], [ 85.2806858, 28.1128238 ], [ 85.2803481, 28.1125136 ], [ 85.2801618, 28.1123493 ], [ 85.2800011, 28.1122568 ], [ 85.2798241, 28.1121911 ], [ 85.2796285, 28.1121007 ], [ 85.2795004, 28.1119877 ], [ 85.2793723, 28.1118829 ], [ 85.2792838, 28.1117638 ], [ 85.2791394, 28.1115399 ], [ 85.2790392, 28.1114002 ], [ 85.2789344, 28.1112441 ], [ 85.2788483, 28.1111229 ], [ 85.2787365, 28.1110243 ], [ 85.2786375, 28.1109493 ], [ 85.278556, 28.1109133 ], [ 85.2784803, 28.1108907 ], [ 85.2783906, 28.1108753 ], [ 85.2783206, 28.1108658 ], [ 85.2783029, 28.110867 ], [ 85.2779896, 28.1108789 ], [ 85.2777818, 28.1108758 ], [ 85.2776119, 28.1108567 ], [ 85.277558, 28.1108387 ], [ 85.2775193, 28.1108038 ], [ 85.2774506, 28.1106691 ], [ 85.2773171, 28.1102092 ], [ 85.2772736, 28.1100911 ], [ 85.2771837, 28.1099484 ], [ 85.2770519, 28.1097828 ], [ 85.2769504, 28.1096898 ], [ 85.2768976, 28.1096554 ], [ 85.2764147, 28.1094724 ], [ 85.2762238, 28.1093779 ], [ 85.2760758, 28.1092741 ], [ 85.2759983, 28.109169 ], [ 85.2759175, 28.1089796 ], [ 85.2758784, 28.1089306 ], [ 85.2758092, 28.108894 ], [ 85.2756373, 28.1088534 ], [ 85.27561, 28.1088284 ], [ 85.2755813, 28.1087398 ], [ 85.2755568, 28.1085638 ], [ 85.2755101, 28.108477 ], [ 85.2754473, 28.1084379 ], [ 85.2754083, 28.1084307 ], [ 85.2751765, 28.1084419 ], [ 85.2750815, 28.1084221 ], [ 85.2750367, 28.1083971 ], [ 85.2749796, 28.1083366 ], [ 85.2749267, 28.1081049 ], [ 85.2748489, 28.1079807 ], [ 85.2746771, 28.1077927 ], [ 85.2744599, 28.1076149 ], [ 85.2740853, 28.107395 ], [ 85.2738132, 28.1072704 ], [ 85.2736109, 28.1072039 ], [ 85.2735078, 28.1071811 ], [ 85.2730324, 28.1071235 ], [ 85.2728981, 28.1070958 ], [ 85.2727514, 28.1070438 ], [ 85.2726745, 28.1070058 ], [ 85.2726016, 28.1069612 ], [ 85.2724709, 28.1068594 ], [ 85.2723211, 28.1067038 ], [ 85.2722418, 28.1065896 ], [ 85.2718936, 28.1057988 ], [ 85.2717537, 28.1055297 ], [ 85.2716827, 28.1054544 ], [ 85.2714004, 28.1052333 ], [ 85.2713191, 28.1051558 ], [ 85.2711876, 28.1049874 ], [ 85.2710554, 28.1046086 ] ] } },
{ "type": "Feature", "properties": { "fid": 259, "osm_id": "173959994", "name": "Narayani", "highway": null, "waterway": "river", "aerialway": null, "barrier": null, "man_made": null, "railway": null, "z_order": 0, "other_tags": "\"boat\"=>\"no\"" }, "geometry": { "type": "LineString", "coordinates": [ [ 84.155101554055079, 27.599236992264014 ], [ 84.1550562, 27.599013 ], [ 84.154906, 27.5984093 ], [ 84.1547665, 27.5976605 ], [ 84.1547611, 27.596724 ], [ 84.1547263, 27.5964126 ], [ 84.1546699, 27.5961463 ], [ 84.1546948, 27.5958765 ], [ 84.1547061, 27.5957731 ], [ 84.154686, 27.5956103 ], [ 84.1546243, 27.5953048 ], [ 84.1545828, 27.5950814 ], [ 84.1544151, 27.5948413 ], [ 84.1540638, 27.5944871 ], [ 84.1532135, 27.5940117 ], [ 84.1523351, 27.5936444 ], [ 84.1515639, 27.5933806 ], [ 84.1510034, 27.5932498 ], [ 84.150479, 27.5931773 ], [ 84.1500203, 27.5932011 ], [ 84.1494745, 27.59327 ], [ 84.1490976, 27.5932819 ], [ 84.148019745659795, 27.593117404248474 ] ] } },
{ "type": "Feature", "properties": { "fid": 262, "osm_id": "173959997", "name": "Narayani", "highway": null, "waterway": "river", "aerialway": null, "barrier": null, "man_made": null, "railway": null, "z_order": 0, "other_tags": "\"boat\"=>\"no\",\"name:hi\"=>\"गंडक नदी\"" }, "geometry": { "type": "MultiLineString", "coordinates": [ [ [ 84.258553726488159, 27.650785579746337 ], [ 84.2583668, 27.6505748 ], [ 84.2578733, 27.6503419 ], [ 84.2571598, 27.6502754 ], [ 84.256323, 27.6503847 ], [ 84.2555666, 27.6507221 ], [ 84.2549014, 27.6512115 ], [ 84.2528951, 27.6534353 ], [ 84.252387586300685, 27.653917229861833 ] ], [ [ 84.242235506208871, 27.651169118410174 ], [ 84.2422309, 27.6511567 ], [ 84.2419919, 27.6504322 ], [ 84.2419705, 27.6498953 ], [ 84.2420912, 27.6495056 ], [ 84.242287, 27.6491516 ], [ 84.2427081, 27.6486313 ], [ 84.2433143, 27.6480706 ], [ 84.2444247, 27.6471249 ], [ 84.2447532, 27.6466633 ], [ 84.2449316, 27.6462268 ], [ 84.2450067, 27.6457611 ], [ 84.2450014, 27.6453192 ], [ 84.2448002, 27.6447608 ], [ 84.2444354, 27.6443189 ], [ 84.2439795, 27.6439815 ], [ 84.2435905, 27.6438247 ], [ 84.2432365, 27.6437985 ], [ 84.2423674, 27.6438793 ], [ 84.2418605, 27.6438841 ], [ 84.2413777, 27.6437985 ], [ 84.2410505, 27.6435776 ], [ 84.2408439, 27.6432877 ], [ 84.2403316, 27.6422398 ], [ 84.2400286, 27.6419024 ], [ 84.2396825, 27.6416553 ], [ 84.2390268, 27.6412861 ], [ 84.2385721, 27.6410447 ], [ 84.238269, 27.6409829 ], [ 84.2378044, 27.6409432 ] ] ] } },
{ "type": "Feature", "properties": { "fid": 263, "osm_id": "173959999", "name": "Narayani", "highway": null, "waterway": "river", "aerialway": null, "barrier": null, "man_made": null, "railway": null, "z_order": 0, "other_tags": "\"boat\"=>\"no\",\"name:hi\"=>\"गंडक नदी\"" }, "geometry": { "type": "LineString", "coordinates": [ [ 84.1371041, 27.5750764 ], [ 84.1374636, 27.5747863 ], [ 84.1378753, 27.5744451 ], [ 84.1379893, 27.574104 ], [ 84.1379879, 27.5736475 ], [ 84.1379732, 27.5731553 ], [ 84.1378619, 27.572511 ], [ 84.137705, 27.5717716 ], [ 84.13754, 27.5714435 ], [ 84.137257, 27.5709905 ], [ 84.1370089, 27.5707991 ], [ 84.136734, 27.5707516 ], [ 84.136498, 27.5708122 ], [ 84.136266, 27.5710208 ], [ 84.1361406, 27.5711569 ], [ 84.1359837, 27.571343 ], [ 84.1359092, 27.5714366 ], [ 84.135876, 27.5714589 ], [ 84.1358278, 27.5714702 ], [ 84.1357124, 27.5714672 ], [ 84.1356162, 27.5714741 ], [ 84.1355039, 27.5715148 ], [ 84.1352886, 27.5716072 ], [ 84.1351951, 27.5716616 ], [ 84.1350047, 27.5717995 ], [ 84.1345158, 27.5721068 ] ] } },
{ "type": "Feature", "properties": { "fid": 265, "osm_id": "173960001", "name": "Narayani", "highway": null, "waterway": "river", "aerialway": null, "barrier": null, "man_made": null, "railway": null, "z_order": 0, "other_tags": "\"boat\"=>\"no\",\"name:hi\"=>\"गंडक नदी\"" }, "geometry": { "type": "LineString", "coordinates": [ [ 84.285254319887187, 27.665378442584927 ], [ 84.2851763, 27.6647926 ], [ 84.2849958, 27.6618264 ], [ 84.2848027, 27.6599449 ], [ 84.2846524, 27.6592797 ], [ 84.2839229, 27.6582533 ], [ 84.282655, 27.6568782 ], [ 84.2818308, 27.6562387 ], [ 84.2807016, 27.6556612 ], [ 84.2789769, 27.6550223 ], [ 84.2763055, 27.6540435 ], [ 84.2746787, 27.6533868 ], [ 84.2733516, 27.652626 ], [ 84.2717294, 27.6514969 ], [ 84.2703719, 27.6505731 ], [ 84.2688821, 27.649444 ], [ 84.267624, 27.648095 ], [ 84.2666307, 27.6464673 ], [ 84.2654554, 27.644297 ], [ 84.2647436, 27.6429185 ], [ 84.2639159, 27.6412028 ], [ 84.2629888, 27.6405575 ], [ 84.2614659, 27.6398829 ], [ 84.259678, 27.639663 ], [ 84.2580392, 27.6393697 ], [ 84.25645, 27.638959 ], [ 84.254927, 27.6382405 ], [ 84.2528578, 27.6370232 ], [ 84.2516162, 27.6360113 ], [ 84.2504078, 27.6345008 ], [ 84.2483054, 27.6326676 ], [ 84.2462362, 27.630849 ], [ 84.2449536, 27.6297505 ], [ 84.2437316, 27.6287794 ], [ 84.2429709, 27.6281441 ], [ 84.2423379, 27.627493 ], [ 84.2417004, 27.6266838 ], [ 84.2410773, 27.6256536 ], [ 84.2408574, 27.6251879 ], [ 84.2407447, 27.6244607 ], [ 84.2406911, 27.623705 ], [ 84.2406589, 27.6230348 ], [ 84.2404926, 27.6226641 ], [ 84.2401385, 27.6223171 ], [ 84.2389798, 27.6217943 ], [ 84.2385185, 27.6216945 ], [ 84.2377996, 27.6217135 ], [ 84.2372739, 27.6216992 ], [ 84.2360187, 27.6212477 ], [ 84.2340016, 27.6203493 ], [ 84.2319095, 27.6194367 ], [ 84.2292504, 27.6178361 ], [ 84.2270708, 27.616851 ], [ 84.2257512, 27.6163091 ], [ 84.2252469, 27.6157958 ], [ 84.2243242, 27.6149307 ], [ 84.2225787, 27.6140824 ], [ 84.2214274, 27.6136853 ], [ 84.2191529, 27.6127251 ], [ 84.2174363, 27.6118267 ], [ 84.2151618, 27.6103389 ], [ 84.2128014, 27.6088178 ], [ 84.2097115, 27.6066881 ], [ 84.2079842, 27.6056233 ], [ 84.2075872, 27.6054427 ], [ 84.207083, 27.6053096 ], [ 84.2063212, 27.605262 ], [ 84.2057526, 27.6052145 ], [ 84.2049479, 27.6050719 ], [ 84.2040467, 27.6048247 ], [ 84.203403, 27.6048342 ], [ 84.2026734, 27.6050338 ], [ 84.2015361, 27.6052716 ], [ 84.2015675, 27.6047068 ], [ 84.201546, 27.6040889 ], [ 84.2013215, 27.6018012 ], [ 84.2010105, 27.6001088 ], [ 84.2008817, 27.5996144 ], [ 84.2007207, 27.5991131 ], [ 84.1997445, 27.5972686 ], [ 84.1994226, 27.5967715 ], [ 84.1989398, 27.5962486 ], [ 84.1983818, 27.5957757 ], [ 84.1974276, 27.5953902 ], [ 84.1967189, 27.5952338 ], [ 84.1955372, 27.595061 ], [ 84.1949725, 27.5949791 ], [ 84.1946439, 27.5948972 ], [ 84.1941876, 27.5944767 ], [ 84.1938431, 27.5940965 ], [ 84.1926418, 27.5929227 ], [ 84.191995, 27.5921037 ], [ 84.1915945, 27.591494 ], [ 84.1908039, 27.59012 ], [ 84.19027, 27.5893283 ], [ 84.1898491, 27.5887914 ], [ 84.1894589, 27.5883637 ], [ 84.1888737, 27.5877267 ], [ 84.1884938, 27.5874446 ], [ 84.1878161, 27.5872262 ], [ 84.1870974, 27.5870624 ], [ 84.1864814, 27.5868531 ], [ 84.1861118, 27.5866711 ], [ 84.1855163, 27.5863253 ], [ 84.1847667, 27.5858885 ], [ 84.1838529, 27.5853971 ], [ 84.1833601, 27.5852151 ], [ 84.1825695, 27.5850149 ], [ 84.1816968, 27.5846964 ], [ 84.1809267, 27.5844506 ], [ 84.1797563, 27.5842231 ], [ 84.1783291, 27.5840411 ], [ 84.1762859, 27.5837408 ], [ 84.1756185, 27.5835952 ], [ 84.1738269, 27.5829036 ], [ 84.1733597, 27.5827625 ], [ 84.1729593, 27.582667 ], [ 84.1721379, 27.5825532 ], [ 84.1685743, 27.5822248 ], [ 84.1663524, 27.5820626 ], [ 84.1646504, 27.5823941 ], [ 84.1632441, 27.5828315 ], [ 84.1602301, 27.5839632 ], [ 84.1586321, 27.5800127 ], [ 84.1579501, 27.5781626 ], [ 84.1577913, 27.5775371 ], [ 84.1577502, 27.5770212 ], [ 84.1578031, 27.576599 ], [ 84.1580794, 27.5750719 ], [ 84.1582441, 27.5742849 ], [ 84.1584028, 27.5738836 ], [ 84.1585322, 27.5736699 ], [ 84.1587615, 27.5735187 ], [ 84.1589614, 27.5734458 ], [ 84.1591084, 27.5732946 ], [ 84.159179, 27.5730914 ], [ 84.1592025, 27.572763 ], [ 84.159179, 27.5724034 ], [ 84.1591555, 27.5719447 ], [ 84.1591319, 27.5715799 ], [ 84.1591261, 27.5708293 ], [ 84.1591437, 27.5704019 ], [ 84.1590555, 27.5700631 ], [ 84.1588909, 27.5698598 ], [ 84.1585439, 27.5697556 ], [ 84.15825, 27.5696878 ], [ 84.1578384, 27.5696045 ], [ 84.1575502, 27.5694585 ], [ 84.1572901, 27.5692663 ], [ 84.1571622, 27.5691354 ], [ 84.1570034, 27.5688695 ], [ 84.1568153, 27.5684734 ], [ 84.1564536, 27.5677296 ], [ 84.1559921, 27.5668889 ], [ 84.1554805, 27.5659611 ], [ 84.1549623, 27.5648858 ], [ 84.1544366, 27.5639823 ], [ 84.1541576, 27.5637979 ], [ 84.1539224, 27.5636937 ], [ 84.1535343, 27.5635633 ], [ 84.1531933, 27.563433 ], [ 84.1528925, 27.563124 ], [ 84.1526288, 27.5627293 ], [ 84.1523013, 27.5620408 ], [ 84.1514783, 27.5614458 ], [ 84.1503412, 27.5608536 ], [ 84.1493939, 27.5603298 ], [ 84.1479926, 27.5594831 ], [ 84.1455197, 27.5577433 ], [ 84.1443449, 27.556948 ], [ 84.1449791, 27.5557169 ], [ 84.1451615, 27.5553459 ], [ 84.1452044, 27.5549654 ], [ 84.14514, 27.5546563 ], [ 84.1450113, 27.5543947 ], [ 84.1447538, 27.5541902 ], [ 84.1443729, 27.5539524 ], [ 84.1430426, 27.5527301 ], [ 84.1426831, 27.5524781 ], [ 84.1424096, 27.5521975 ], [ 84.1421682, 27.5517884 ], [ 84.1418087, 27.5514603 ], [ 84.1411114, 27.5509561 ], [ 84.1404569, 27.5505471 ], [ 84.1391265, 27.5499478 ], [ 84.1381288, 27.5493771 ], [ 84.1370505, 27.5489776 ], [ 84.1364068, 27.5486589 ], [ 84.1359401, 27.5482404 ], [ 84.1352373, 27.5474508 ], [ 84.1343468, 27.5467992 ], [ 84.1336441, 27.5464092 ], [ 84.1329306, 27.5461714 ], [ 84.1323522, 27.5460663 ] ] } },
{ "type": "Feature", "properties": { "fid": 266, "osm_id": "173960002", "name": "Narayani", "highway": null, "waterway": "river", "aerialway": null, "barrier": null, "man_made": null, "railway": null, "z_order": 0, "other_tags": "\"boat\"=>\"no\"" }, "geometry": { "type": "LineString", "coordinates": [ [ 84.2449536, 27.6297505 ], [ 84.2420804, 27.6299501 ], [ 84.2399132, 27.6301212 ], [ 84.2382932, 27.6301783 ], [ 84.2367804, 27.6301117 ], [ 84.2347419, 27.6297695 ], [ 84.2334545, 27.6295604 ], [ 84.2322206, 27.6294939 ], [ 84.2308849, 27.6296032 ], [ 84.2263144, 27.6301498 ], [ 84.225601, 27.6301212 ], [ 84.2248928, 27.6299644 ], [ 84.223938, 27.6295034 ] ] } },
{ "type": "Feature", "properties": { "fid": 285, "osm_id": "185752518", "name": "Trisuli", "highway": null, "waterway": "river", "aerialway": null, "barrier": null, "man_made": null, "railway": null, "z_order": 0, "other_tags": null }, "geometry": { "type": "LineString", "coordinates": [ [ 85.0944762, 27.8601759 ], [ 85.0926139, 27.8603357 ], [ 85.0909334, 27.8604799 ], [ 85.0894857, 27.8603773 ], [ 85.0893594, 27.8603205 ], [ 85.0892543, 27.8602328 ], [ 85.0891822, 27.8600385 ], [ 85.0885678, 27.857563 ], [ 85.0884335, 27.8573224 ], [ 85.0882497, 27.857136 ], [ 85.087858, 27.8569549 ], [ 85.0863703, 27.8563353 ], [ 85.0814161, 27.8561827 ], [ 85.081069, 27.8561726 ], [ 85.0791811, 27.8561176 ], [ 85.0772339, 27.8550037 ], [ 85.0747642, 27.8534529 ], [ 85.0723582, 27.8530758 ], [ 85.0707918, 27.8537019 ], [ 85.0691369, 27.854686 ], [ 85.0676027, 27.8557081 ], [ 85.0656983, 27.8565831 ], [ 85.0636679, 27.8574416 ], [ 85.0629893, 27.8578471 ], [ 85.0625333, 27.8583735 ], [ 85.0617394, 27.859398 ], [ 85.0603661, 27.8601354 ], [ 85.0591859, 27.8598153 ], [ 85.0577965, 27.8586913 ], [ 85.0575605, 27.8582099 ], [ 85.0574961, 27.8578495 ], [ 85.0571989, 27.8562394 ], [ 85.0564045, 27.855267 ], [ 85.0548461, 27.8542615 ], [ 85.0532019, 27.8535667 ], [ 85.0515473, 27.8531007 ], [ 85.0507316, 27.8529454 ], [ 85.0498304, 27.8528292 ], [ 85.0489318, 27.8528624 ], [ 85.0483096, 27.8529857 ], [ 85.0477892, 27.8532228 ], [ 85.0474834, 27.8534552 ], [ 85.0472099, 27.8537635 ], [ 85.0468183, 27.8541596 ], [ 85.0464964, 27.8543445 ], [ 85.0457293, 27.8547619 ], [ 85.0447851, 27.8553524 ], [ 85.0438265, 27.8560646 ], [ 85.0430963, 27.8565535 ], [ 85.0425157, 27.8567535 ], [ 85.0422379, 27.8567411 ], [ 85.0418291, 27.8566843 ], [ 85.0414495, 27.8565449 ], [ 85.0412571, 27.856435 ], [ 85.0397499, 27.8555741 ], [ 85.0378869, 27.8543968 ], [ 85.0374526, 27.8542369 ], [ 85.0361757, 27.8537669 ], [ 85.0347799, 27.8537307 ], [ 85.0340791, 27.8537255 ], [ 85.0335359, 27.8538133 ], [ 85.0329986, 27.8540302 ], [ 85.0325255, 27.8542832 ], [ 85.0321518, 27.8544123 ], [ 85.0318189, 27.8543813 ], [ 85.031521, 27.8542626 ], [ 85.0312582, 27.8540095 ], [ 85.0310538, 27.8536739 ], [ 85.0308552, 27.8533693 ], [ 85.0301894, 27.8525431 ], [ 85.0296054, 27.8518047 ], [ 85.029366, 27.8509836 ], [ 85.0291674, 27.8501058 ], [ 85.029109, 27.8494655 ], [ 85.0289805, 27.8487115 ], [ 85.0287819, 27.8483965 ], [ 85.0285838, 27.8481962 ], [ 85.0262589, 27.8467854 ], [ 85.025342, 27.8463103 ], [ 85.0239579, 27.8457216 ], [ 85.0230001, 27.8452827 ], [ 85.0222408, 27.8448024 ], [ 85.0210786, 27.8435785 ], [ 85.0207749, 27.8433823 ], [ 85.020407, 27.8432945 ], [ 85.0200274, 27.8432842 ], [ 85.0196828, 27.8432377 ], [ 85.0193849, 27.8431189 ], [ 85.0192097, 27.8429898 ], [ 85.0191338, 27.8428039 ], [ 85.019128, 27.8425302 ], [ 85.0192623, 27.8419053 ], [ 85.0194258, 27.8412805 ], [ 85.0199222, 27.8402166 ], [ 85.020553, 27.8393181 ], [ 85.0210786, 27.8385641 ], [ 85.02154, 27.8379185 ], [ 85.0219605, 27.8372575 ], [ 85.0226847, 27.8369683 ], [ 85.0230585, 27.8366481 ], [ 85.0232687, 27.8361471 ], [ 85.0234147, 27.8354396 ], [ 85.023257, 27.8346649 ], [ 85.0231402, 27.8337818 ], [ 85.0229709, 27.833162 ], [ 85.0228949, 27.8329658 ], [ 85.0226672, 27.8326559 ], [ 85.0220131, 27.8318967 ], [ 85.0209151, 27.8307346 ], [ 85.0195348, 27.8292612 ], [ 85.0184888, 27.8283124 ], [ 85.0179094, 27.8276388 ], [ 85.0175929, 27.8270126 ], [ 85.0174051, 27.8264955 ], [ 85.0172442, 27.8258503 ], [ 85.0172442, 27.8254755 ], [ 85.0172883, 27.8250274 ], [ 85.0173992, 27.8243663 ], [ 85.0174802, 27.8235114 ], [ 85.0173992, 27.8225276 ], [ 85.0172766, 27.8216405 ], [ 85.0171047, 27.8202093 ], [ 85.0169894, 27.8197017 ], [ 85.0168633, 27.8192415 ], [ 85.01674, 27.8189497 ], [ 85.0165737, 27.8187433 ], [ 85.0163215, 27.8184563 ], [ 85.0157958, 27.8178751 ], [ 85.0154069, 27.8173745 ], [ 85.015144, 27.8168242 ], [ 85.0147694, 27.8158787 ], [ 85.0141597, 27.8150165 ], [ 85.0135079, 27.8142194 ], [ 85.0127918, 27.8134223 ], [ 85.0123975, 27.8129099 ], [ 85.0122043, 27.812573 ], [ 85.0120193, 27.8118281 ], [ 85.0119603, 27.8111401 ], [ 85.0120676, 27.810324 ], [ 85.0123438, 27.8098495 ], [ 85.012832, 27.8095719 ], [ 85.0135696, 27.8092516 ], [ 85.0141382, 27.8088697 ], [ 85.0143287, 27.8086229 ], [ 85.0144708, 27.8082434 ], [ 85.0143716, 27.8078756 ] ] } },
{ "type": "Feature", "properties": { "fid": 286, "osm_id": "185752519", "name": "Trisuli", "highway": null, "waterway": "river", "aerialway": null, "barrier": null, "man_made": null, "railway": null, "z_order": 0, "other_tags": null }, "geometry": { "type": "LineString", "coordinates": [ [ 85.0143716, 27.8078756 ], [ 85.0141382, 27.8075459 ], [ 85.0137815, 27.8072849 ], [ 85.0127086, 27.8068056 ], [ 85.0121748, 27.8065969 ], [ 85.0108274, 27.8059833 ], [ 85.0106379, 27.8058993 ], [ 85.0098494, 27.8056645 ], [ 85.0095946, 27.8056028 ], [ 85.0092566, 27.8055862 ], [ 85.0090286, 27.8056597 ], [ 85.0086048, 27.8058424 ], [ 85.0084653, 27.8058258 ], [ 85.0083286, 27.8057523 ], [ 85.0081193, 27.8055221 ], [ 85.007776, 27.8050595 ], [ 85.0074863, 27.8048199 ], [ 85.0071216, 27.8046087 ], [ 85.0050428, 27.8037902 ], [ 85.0034121, 27.8030665 ], [ 85.0020039, 27.8022978 ], [ 85.0015479, 27.8021246 ], [ 85.001335, 27.802167 ], [ 84.9995792, 27.8025161 ], [ 84.9974763, 27.8032706 ], [ 84.9958777, 27.8034319 ], [ 84.9941397, 27.803579 ], [ 84.9926376, 27.8034889 ], [ 84.9910766, 27.8032042 ], [ 84.9907279, 27.8032231 ], [ 84.9905455, 27.8033892 ], [ 84.9897248, 27.8047558 ], [ 84.9890596, 27.8053157 ], [ 84.9883085, 27.805496 ] ] } },
{ "type": "Feature", "properties": { "fid": 313, "osm_id": "201928141", "name": "Bhote Koshi", "highway": null, "waterway": "river", "aerialway": null, "barrier": null, "man_made": null, "railway": null, "z_order": 0, "other_tags": "\"alt_name:en\"=>\"Bhotekoshi Nadi;Bhotekoshi\",\"intermittent\"=>\"no\",\"name:de\"=>\"Bhotekoshi\",\"name:en\"=>\"Bhote Koshi\",\"name:ko\"=>\"보테코시 강\",\"tidal\"=>\"no\"" }, "geometry": { "type": "LineString", "coordinates": [ [ 85.3769971, 28.2780537 ], [ 85.3768216, 28.2779066 ], [ 85.3767462, 28.2777463 ], [ 85.3767613, 28.2775121 ], [ 85.3769391, 28.2771348 ], [ 85.3771714, 28.2758879 ], [ 85.3773933, 28.2751452 ], [ 85.3776105, 28.2744659 ], [ 85.3777286, 28.2734137 ], [ 85.3776181, 28.2726571 ], [ 85.3775209, 28.2719917 ], [ 85.3776048, 28.2713134 ], [ 85.3775962, 28.2706383 ], [ 85.3775949, 28.270283 ], [ 85.3773685, 28.2698453 ], [ 85.3767389, 28.2692069 ], [ 85.3763324, 28.2688538 ], [ 85.376239, 28.2682701 ], [ 85.3761588, 28.268068 ], [ 85.3760461, 28.2677839 ], [ 85.3758622, 28.2674971 ], [ 85.3758404, 28.2671284 ], [ 85.3757841, 28.2668506 ], [ 85.3755782, 28.266605 ], [ 85.3752892, 28.2663322 ], [ 85.3750465, 28.2662087 ], [ 85.3747305, 28.2660842 ], [ 85.374483, 28.2660575 ], [ 85.3740981, 28.2658021 ], [ 85.3738543, 28.2655288 ], [ 85.3736376, 28.2652264 ], [ 85.3732695, 28.2649583 ], [ 85.3728356, 28.2648002 ], [ 85.3726159, 28.2645444 ], [ 85.3725014, 28.2642226 ], [ 85.3725293, 28.2637686 ], [ 85.3727395, 28.2633658 ], [ 85.3728672, 28.2630691 ], [ 85.372849, 28.2627265 ], [ 85.3726205, 28.2623202 ], [ 85.3721556, 28.2619653 ], [ 85.371794, 28.2617948 ], [ 85.3711533, 28.2614335 ], [ 85.3709295, 28.2612648 ], [ 85.3706772, 28.2609758 ], [ 85.3701434, 28.2603391 ], [ 85.369643, 28.2598333 ], [ 85.369335, 28.2595682 ], [ 85.3689459, 28.2591658 ], [ 85.3687436, 28.2589566 ], [ 85.3680626, 28.2586969 ], [ 85.3674829, 28.2585703 ], [ 85.3665112, 28.2584886 ], [ 85.3658447, 28.2581913 ], [ 85.3655834, 28.2579395 ], [ 85.3654734, 28.2576234 ], [ 85.3655078, 28.2570507 ], [ 85.3655078, 28.2564967 ], [ 85.3651377, 28.254852 ], [ 85.3650429, 28.2542095 ], [ 85.3650446, 28.2534983 ], [ 85.3650598, 28.2530637 ], [ 85.3650195, 28.2522315 ], [ 85.3648935, 28.2520075 ], [ 85.3647465, 28.2517719 ], [ 85.3646775, 28.2514446 ], [ 85.3646449, 28.2511203 ], [ 85.3648108, 28.2505815 ], [ 85.36497, 28.2500646 ], [ 85.3650164, 28.2497402 ], [ 85.3649821, 28.249554 ], [ 85.3648616, 28.2494292 ], [ 85.364336, 28.2489507 ], [ 85.3640952, 28.2486872 ], [ 85.3638697, 28.2481966 ], [ 85.3633558, 28.2467827 ], [ 85.3631936, 28.2465653 ], [ 85.3629994, 28.2463895 ], [ 85.3624306, 28.2458514 ], [ 85.3611588, 28.2450484 ], [ 85.3604894, 28.2447003 ], [ 85.3596845, 28.2442672 ], [ 85.3592583, 28.2438852 ], [ 85.3588736, 28.2434913 ], [ 85.3586512, 28.2432473 ], [ 85.358457, 28.2428725 ], [ 85.3582262, 28.2423521 ], [ 85.3581454, 28.2416326 ], [ 85.3581813, 28.2411955 ], [ 85.3582245, 28.2406879 ], [ 85.3582515, 28.2403252 ], [ 85.3582567, 28.2397252 ], [ 85.3582034, 28.2392849 ], [ 85.3582631, 28.2386698 ], [ 85.3581634, 28.2382734 ], [ 85.3580332, 28.2380123 ], [ 85.3579697, 28.2378227 ], [ 85.3579239, 28.2376081 ], [ 85.3579374, 28.2373559 ], [ 85.358087, 28.2370764 ], [ 85.3584222, 28.23691 ], [ 85.3585944, 28.2368124 ], [ 85.3587017, 28.2366909 ], [ 85.3587843, 28.2364763 ], [ 85.358794, 28.2362643 ], [ 85.3588086, 28.2359585 ], [ 85.3588799, 28.2357066 ], [ 85.3590113, 28.2351725 ], [ 85.3591105, 28.2349433 ], [ 85.3592688, 28.2347566 ], [ 85.3594673, 28.2345889 ], [ 85.3596367, 28.2343824 ], [ 85.3598347, 28.233913 ], [ 85.360057, 28.2334183 ], [ 85.3603115, 28.2329665 ], [ 85.3603513, 28.2327601 ], [ 85.3603578, 28.2321643 ], [ 85.3603979, 28.2316935 ], [ 85.3604357, 28.2311473 ], [ 85.3605317, 28.23082 ], [ 85.360677, 28.2305289 ], [ 85.3607477, 28.2302819 ], [ 85.3608379, 28.2300611 ], [ 85.3608727, 28.2295459 ], [ 85.3609988, 28.2289197 ], [ 85.361031, 28.2285227 ], [ 85.3610095, 28.2280429 ], [ 85.360978, 28.2276578 ], [ 85.3609934, 28.227386 ], [ 85.3610739, 28.2266628 ], [ 85.36108, 28.2264494 ], [ 85.3610873, 28.2258924 ], [ 85.361097, 28.2255196 ], [ 85.3611168, 28.2251645 ], [ 85.3611661, 28.2247643 ], [ 85.3611157, 28.2243836 ], [ 85.3610444, 28.2241672 ], [ 85.3609334, 28.2237594 ], [ 85.3609103, 28.2234369 ], [ 85.3608544, 28.2231308 ], [ 85.3608245, 28.2229265 ], [ 85.3607766, 28.2227661 ], [ 85.3606904, 28.222631 ], [ 85.360536, 28.222457 ], [ 85.3603604, 28.2221915 ], [ 85.3599903, 28.2218275 ], [ 85.3599375, 28.2217743 ], [ 85.3597462, 28.2215817 ], [ 85.3595547, 28.2213854 ], [ 85.3593171, 28.2213028 ], [ 85.3591132, 28.2212627 ], [ 85.3588825, 28.2211563 ], [ 85.3587438, 28.2210795 ], [ 85.3586572, 28.2209271 ], [ 85.3585698, 28.2207489 ], [ 85.3584718, 28.2205331 ], [ 85.3582308, 28.2202393 ], [ 85.3580672, 28.2200337 ], [ 85.3577882, 28.2197855 ], [ 85.3576004, 28.2196012 ], [ 85.3573912, 28.2193649 ], [ 85.3571874, 28.2190907 ], [ 85.3568763, 28.2188165 ], [ 85.3565893, 28.2185944 ], [ 85.3564122, 28.218462 ], [ 85.356254, 28.2182659 ], [ 85.3559624, 28.2179836 ], [ 85.3557745, 28.2177415 ], [ 85.3556367, 28.2175385 ], [ 85.3555419, 28.2173248 ], [ 85.3554214, 28.2170492 ], [ 85.3552582, 28.216824 ], [ 85.3550939, 28.2165683 ], [ 85.3548749, 28.216323 ], [ 85.3548004, 28.216186 ], [ 85.3547013, 28.2160753 ], [ 85.3546174, 28.2158921 ], [ 85.3546029, 28.2156445 ], [ 85.354615, 28.2154387 ], [ 85.3546433, 28.2152425 ], [ 85.3546835, 28.2147811 ], [ 85.3547627, 28.214411 ], [ 85.3548374, 28.2140348 ], [ 85.3548592, 28.2136405 ], [ 85.3548512, 28.2132576 ], [ 85.3547822, 28.212834 ], [ 85.3546037, 28.2121479 ], [ 85.3544623, 28.2117237 ], [ 85.3543764, 28.2114968 ], [ 85.354277, 28.2112688 ], [ 85.3541994, 28.2110146 ], [ 85.3541709, 28.2107702 ], [ 85.354202, 28.2105184 ], [ 85.3542691, 28.2101235 ], [ 85.3542678, 28.2099214 ], [ 85.3542182, 28.2097264 ], [ 85.3541944, 28.2094957 ], [ 85.354186, 28.2092868 ], [ 85.3542477, 28.2088826 ], [ 85.3543558, 28.2085319 ], [ 85.3543335, 28.2082209 ], [ 85.3544435, 28.2077953 ], [ 85.3545052, 28.2075826 ], [ 85.3546929, 28.2071926 ], [ 85.3548217, 28.2067884 ], [ 85.3548605, 28.2065511 ], [ 85.3548646, 28.2064575 ], [ 85.3548955, 28.2062059 ], [ 85.3548431, 28.2060722 ], [ 85.3548029, 28.2059091 ], [ 85.3546876, 28.2057058 ], [ 85.3545772, 28.2055263 ], [ 85.3544489, 28.2053962 ], [ 85.3543079, 28.2052212 ], [ 85.3538936, 28.2047532 ], [ 85.3537488, 28.2045311 ], [ 85.35362, 28.2043065 ], [ 85.3535745, 28.2041907 ], [ 85.3532921, 28.2037442 ], [ 85.3532002, 28.2032427 ], [ 85.352985, 28.2023396 ], [ 85.3525852, 28.2003513 ], [ 85.35248, 28.1995918 ], [ 85.3523831, 28.199336 ], [ 85.352108, 28.1990037 ], [ 85.3519543, 28.1985975 ], [ 85.3518202, 28.1980166 ], [ 85.3515916, 28.1976113 ], [ 85.351472, 28.1974739 ], [ 85.3512821, 28.1973014 ], [ 85.3510543, 28.1971358 ], [ 85.3509353, 28.197051 ], [ 85.350757, 28.1968721 ], [ 85.3505912, 28.1965873 ], [ 85.3503538, 28.1956769 ], [ 85.3502347, 28.1952771 ], [ 85.3497741, 28.1942085 ], [ 85.3491297, 28.1934251 ], [ 85.3488563, 28.1919014 ], [ 85.3487439, 28.1916413 ], [ 85.3483397, 28.1911612 ], [ 85.3474878, 28.1897316 ], [ 85.3466022, 28.1887847 ], [ 85.346156, 28.1882563 ], [ 85.3459219, 28.1874569 ], [ 85.3457747, 28.1867874 ], [ 85.3458047, 28.1862178 ], [ 85.3451906, 28.1856063 ], [ 85.3445442, 28.1849538 ], [ 85.344102, 28.1840369 ], [ 85.3439246, 28.1836371 ], [ 85.3438114, 28.1831794 ], [ 85.3436949, 28.1827808 ], [ 85.343715, 28.1824017 ], [ 85.3436936, 28.1823194 ], [ 85.3436134, 28.1821557 ], [ 85.3434173, 28.1820751 ], [ 85.3431107, 28.1819754 ], [ 85.3429162, 28.1817393 ], [ 85.3427556, 28.1811583 ] ] } },
{ "type": "Feature", "properties": { "fid": 802, "osm_id": "246173488", "name": "Trisuli Khola", "highway": null, "waterway": "stream", "aerialway": null, "barrier": null, "man_made": null, "railway": null, "z_order": 0, "other_tags": null }, "geometry": { "type": "LineString", "coordinates": [ [ 85.3196686, 28.0976814 ], [ 85.318601, 28.0981369 ], [ 85.3178835, 28.0981818 ], [ 85.317294, 28.0987093 ], [ 85.3172248, 28.0990844 ], [ 85.3170297, 28.0993588 ], [ 85.3166473, 28.0995503 ], [ 85.3158731, 28.1000791 ], [ 85.3154885, 28.1000373 ], [ 85.3150309, 28.1001495 ], [ 85.3143194, 28.1005915 ], [ 85.3140228, 28.1010841 ], [ 85.3141825, 28.1016827 ], [ 85.3144239, 28.1025662 ], [ 85.3141085, 28.1029171 ], [ 85.313763, 28.1037683 ], [ 85.3134776, 28.1038789 ], [ 85.313313, 28.1045262 ], [ 85.3129701, 28.1051886 ], [ 85.3126086, 28.105447 ], [ 85.3121712, 28.1057596 ], [ 85.3120271, 28.1073148 ], [ 85.3117442, 28.1078012 ], [ 85.3116877, 28.10808 ], [ 85.3115005, 28.1089739 ], [ 85.3113619, 28.1098312 ], [ 85.311019, 28.1100248 ], [ 85.310659, 28.1105722 ], [ 85.310437, 28.1107861 ], [ 85.3103077, 28.1109107 ], [ 85.3098669, 28.1114916 ], [ 85.3095391, 28.1117134 ], [ 85.3092968, 28.1118768 ], [ 85.3092388, 28.1119632 ], [ 85.308782, 28.1124204 ], [ 85.3086458, 28.1127644 ], [ 85.3083844, 28.1131261 ], [ 85.3081399, 28.1133938 ], [ 85.3075988, 28.1137206 ], [ 85.3073359, 28.1138879 ], [ 85.3071311, 28.1141774 ], [ 85.3066005, 28.1143224 ], [ 85.3057834, 28.1149429 ], [ 85.3055691, 28.1152262 ], [ 85.3054779, 28.115423 ], [ 85.3058001, 28.1157231 ], [ 85.306023, 28.1160445 ], [ 85.306343, 28.1162726 ], [ 85.3065379, 28.1166474 ], [ 85.3064608, 28.1169695 ], [ 85.3051501, 28.1179959 ], [ 85.3047868, 28.118582 ], [ 85.3040463, 28.1190928 ], [ 85.3031128, 28.119845 ], [ 85.3029, 28.120582 ], [ 85.3031098, 28.1213614 ], [ 85.303119, 28.1214684 ], [ 85.3027547, 28.1216522 ], [ 85.3019865, 28.1221989 ], [ 85.3003898, 28.124457 ], [ 85.3002317, 28.1255602 ], [ 85.2999265, 28.1266401 ], [ 85.299615, 28.1267895 ], [ 85.2988056, 28.1270231 ], [ 85.2981267, 28.1275022 ] ] } },
{ "type": "Feature", "properties": { "fid": 979, "osm_id": "291315938", "name": "Trisuli", "highway": null, "waterway": "river", "aerialway": null, "barrier": null, "man_made": null, "railway": null, "z_order": 0, "other_tags": null }, "geometry": { "type": "LineString", "coordinates": [ [ 84.9883085, 27.805496 ], [ 84.9876916, 27.8055577 ], [ 84.9868226, 27.8054865 ], [ 84.9860662, 27.8052635 ], [ 84.9853796, 27.8048982 ], [ 84.9845481, 27.8043809 ], [ 84.9833357, 27.8033655 ], [ 84.982059, 27.8025683 ], [ 84.9812221, 27.8023453 ], [ 84.9801278, 27.8023168 ], [ 84.9793178, 27.8022077 ], [ 84.9784219, 27.8019419 ], [ 84.9770915, 27.8015054 ], [ 84.9761146, 27.8015517 ], [ 84.9749889, 27.8016053 ], [ 84.973165, 27.8019564 ], [ 84.972017, 27.8024404 ], [ 84.971786, 27.8026462 ], [ 84.9716844, 27.8029719 ], [ 84.9719204, 27.8037785 ], [ 84.9721084, 27.8047261 ], [ 84.9720731, 27.8050002 ], [ 84.9717915, 27.8052778 ], [ 84.9703699, 27.8057878 ], [ 84.9695911, 27.8065847 ], [ 84.9693078, 27.8068483 ], [ 84.969238, 27.8075553 ], [ 84.9693614, 27.8090595 ], [ 84.9694204, 27.8097095 ], [ 84.9693561, 27.8105256 ], [ 84.969061, 27.8112231 ], [ 84.968664, 27.8117783 ], [ 84.9683422, 27.8120914 ], [ 84.9680257, 27.8121341 ], [ 84.9675536, 27.8118399 ], [ 84.966808, 27.811076 ], [ 84.9662876, 27.8106537 ], [ 84.9657619, 27.8105541 ], [ 84.9653435, 27.8106015 ], [ 84.9650752, 27.8109954 ], [ 84.964664, 27.8127573 ], [ 84.9642278, 27.8142263 ], [ 84.963391, 27.8155832 ], [ 84.9622215, 27.8165606 ], [ 84.9613523, 27.8169974 ], [ 84.9601346, 27.8175287 ], [ 84.9586299, 27.8179935 ], [ 84.9570233, 27.817747 ], [ 84.9559557, 27.8174481 ], [ 84.9552691, 27.8171587 ], [ 84.954164, 27.8164185 ], [ 84.9529248, 27.8158207 ], [ 84.9521765, 27.8156143 ], [ 84.9517286, 27.815778 ], [ 84.9512941, 27.8161386 ], [ 84.950763, 27.8167174 ], [ 84.9502587, 27.8168455 ], [ 84.9496901, 27.816753 ], [ 84.948982, 27.816409 ], [ 84.9483544, 27.8162619 ], [ 84.9477535, 27.8161955 ], [ 84.9471849, 27.816001 ], [ 84.9465841, 27.8155218 ], [ 84.9461067, 27.8148101 ], [ 84.9458384, 27.8141648 ], [ 84.9456561, 27.8134104 ], [ 84.9455005, 27.8126181 ], [ 84.9452162, 27.8121317 ], [ 84.9441969, 27.81156 ], [ 84.9435532, 27.8110096 ], [ 84.943285, 27.8104545 ], [ 84.9431509, 27.8099088 ], [ 84.9430329, 27.8091544 ], [ 84.9428719, 27.808827 ], [ 84.9424106, 27.8081959 ], [ 84.9413714, 27.8069589 ], [ 84.9399681, 27.8051074 ], [ 84.9394799, 27.8046604 ], [ 84.9389869, 27.8044435 ], [ 84.9385267, 27.8043952 ], [ 84.9380708, 27.8044948 ], [ 84.936837, 27.8049836 ], [ 84.9362469, 27.805012 ], [ 84.935689, 27.8048222 ], [ 84.934718, 27.8042528 ], [ 84.9338651, 27.8036834 ], [ 84.9326636, 27.8026207 ], [ 84.9312419, 27.8014295 ], [ 84.9289244, 27.8001767 ], [ 84.9268645, 27.7989999 ], [ 84.925459, 27.7982027 ], [ 84.9247616, 27.7978231 ], [ 84.9238121, 27.7974861 ], [ 84.9232596, 27.797415 ], [ 84.9227554, 27.7974482 ], [ 84.9218434, 27.7977519 ], [ 84.920851, 27.7982406 ], [ 84.9200731, 27.7987579 ], [ 84.9191987, 27.7995883 ], [ 84.9183297, 27.8002384 ], [ 84.9173025, 27.8007167 ], [ 84.9171736, 27.8007403 ], [ 84.9161814, 27.8009148 ], [ 84.9151969, 27.8013535 ], [ 84.9146551, 27.8017901 ], [ 84.91436, 27.8024402 ], [ 84.9143064, 27.8030381 ], [ 84.9142474, 27.8039824 ], [ 84.9139684, 27.8045968 ], [ 84.9135768, 27.8049717 ], [ 84.9131289, 27.8051378 ], [ 84.9126193, 27.8052066 ], [ 84.9120721, 27.8051235 ], [ 84.9113694, 27.8049171 ], [ 84.908765, 27.8041769 ], [ 84.9075901, 27.8040345 ], [ 84.9071851, 27.8041413 ], [ 84.9070376, 27.8043904 ], [ 84.9070778, 27.8048483 ], [ 84.9073943, 27.806101 ], [ 84.9073514, 27.8068863 ], [ 84.9070162, 27.8074367 ], [ 84.9064261, 27.8078139 ], [ 84.9057367, 27.8079776 ], [ 84.9052432, 27.8079302 ], [ 84.9042267, 27.807534 ], [ 84.9027997, 27.8069456 ], [ 84.9016967, 27.80639 ], [ 84.9002168, 27.8059397 ], [ 84.8998375, 27.8059046 ], [ 84.8995033, 27.8059587 ], [ 84.898366, 27.8064664 ], [ 84.8969445, 27.8070666 ], [ 84.8958206, 27.8075791 ], [ 84.8945224, 27.807897 ], [ 84.8931599, 27.8081532 ], [ 84.8919958, 27.8083335 ], [ 84.8912662, 27.8086016 ], [ 84.8906627, 27.8089788 ], [ 84.8898956, 27.8092588 ], [ 84.888989, 27.8093821 ], [ 84.8878249, 27.8094794 ], [ 84.886744, 27.8094153 ], [ 84.8859957, 27.8091496 ], [ 84.8854029, 27.8087534 ], [ 84.8847243, 27.808324 ], [ 84.8838767, 27.8081888 ], [ 84.8831686, 27.8083999 ], [ 84.8826519, 27.8087317 ], [ 84.8823291, 27.8092635 ], [ 84.881722, 27.8097374 ], [ 84.8811462, 27.8097807 ], [ 84.8806956, 27.8096597 ], [ 84.8799302, 27.8091548 ], [ 84.8778874, 27.8085186 ], [ 84.8761868, 27.8081816 ], [ 84.8735851, 27.8078211 ], [ 84.8723674, 27.8073655 ], [ 84.8715198, 27.8069053 ], [ 84.8713803, 27.8064023 ], [ 84.8714983, 27.8059136 ], [ 84.8721957, 27.8051117 ], [ 84.8727804, 27.8043477 ], [ 84.8727643, 27.8038115 ], [ 84.8721582, 27.8032801 ], [ 84.870286, 27.8023595 ], [ 84.8689341, 27.8019609 ], [ 84.8669815, 27.8015955 ], [ 84.8653293, 27.8014959 ], [ 84.8645943, 27.801624 ], [ 84.8641598, 27.8019609 ], [ 84.8631138, 27.8034224 ], [ 84.8620516, 27.8053774 ], [ 84.8610324, 27.8065115 ], [ 84.8599112, 27.8071758 ], [ 84.8584199, 27.807451 ], [ 84.8554051, 27.8075221 ], [ 84.8542196, 27.8077404 ], [ 84.8516017, 27.8085897 ], [ 84.8499012, 27.8086609 ], [ 84.8492521, 27.8083857 ], [ 84.8487693, 27.8077831 ], [ 84.8485655, 27.8069717 ], [ 84.8486137, 27.8056241 ], [ 84.8484755, 27.804823 ], [ 84.8482882, 27.8044273 ], [ 84.8478906, 27.8041079 ], [ 84.8456901, 27.8030903 ], [ 84.8430723, 27.8020606 ], [ 84.8414308, 27.8018328 ], [ 84.8399019, 27.8020558 ], [ 84.8387915, 27.8028245 ], [ 84.8381209, 27.8038922 ], [ 84.8379707, 27.8048649 ], [ 84.8380405, 27.8054865 ], [ 84.8383355, 27.8063027 ], [ 84.8383462, 27.8065874 ], [ 84.8382121, 27.8068768 ], [ 84.837714, 27.8072186 ], [ 84.8371792, 27.8075089 ], [ 84.836823, 27.8080076 ], [ 84.8364168, 27.8085771 ], [ 84.835644, 27.8093066 ], [ 84.8353458, 27.8099999 ], [ 84.8353743, 27.8110286 ], [ 84.8352992, 27.8128079 ], [ 84.83531, 27.8135433 ], [ 84.8352349, 27.8140581 ], [ 84.8347896, 27.8145539 ], [ 84.8334914, 27.8160342 ], [ 84.8323274, 27.8171207 ], [ 84.8312116, 27.8178988 ], [ 84.8301548, 27.8184587 ], [ 84.8283362, 27.8190517 ], [ 84.8268771, 27.8192605 ], [ 84.8255414, 27.819047 ], [ 84.8242485, 27.8183258 ], [ 84.8233956, 27.8175904 ], [ 84.8228002, 27.8165324 ], [ 84.8224622, 27.8154696 ], [ 84.8222423, 27.8141553 ], [ 84.8220116, 27.8132301 ], [ 84.8219365, 27.8123713 ], [ 84.8219794, 27.8117166 ], [ 84.8222798, 27.810891 ], [ 84.8227197, 27.8099942 ], [ 84.8229289, 27.8092967 ], [ 84.8228699, 27.8088839 ], [ 84.8222154, 27.808362 ], [ 84.8216361, 27.8080014 ], [ 84.820767, 27.8076929 ], [ 84.8198873, 27.8076265 ], [ 84.8188412, 27.8076882 ], [ 84.8183316, 27.8078353 ], [ 84.817809, 27.8081133 ], [ 84.8173333, 27.8086091 ], [ 84.8171836, 27.8089314 ], [ 84.8168296, 27.8100179 ], [ 84.8167813, 27.8111567 ], [ 84.8167384, 27.8120629 ], [ 84.8164916, 27.812713 ], [ 84.8162827, 27.8130524 ], [ 84.8155743, 27.8136477 ], [ 84.8147106, 27.8139561 ], [ 84.8131388, 27.8142028 ], [ 84.8121464, 27.8144637 ], [ 84.8110145, 27.8148955 ], [ 84.8103386, 27.8154981 ], [ 84.8099256, 27.8162382 ], [ 84.8095086, 27.8171104 ], [ 84.8091343, 27.8174077 ], [ 84.8086944, 27.8176592 ], [ 84.8082763, 27.8177214 ], [ 84.80771, 27.8177233 ], [ 84.8071039, 27.8176307 ], [ 84.8059076, 27.817263 ], [ 84.8045004, 27.8167824 ], [ 84.8037956, 27.8166437 ], [ 84.8034578, 27.8164641 ], [ 84.8020579, 27.8156028 ], [ 84.8013747, 27.814867 ], [ 84.8008816, 27.8145983 ], [ 84.800061, 27.8145592 ], [ 84.7986145, 27.814592 ], [ 84.7960693, 27.8140652 ], [ 84.7936963, 27.81304 ], [ 84.7928427, 27.8127676 ], [ 84.7922427, 27.8126573 ], [ 84.7915863, 27.8126297 ], [ 84.7909652, 27.8127384 ], [ 84.7904672, 27.8129434 ], [ 84.790045, 27.813363 ], [ 84.7893297, 27.8142914 ], [ 84.7889239, 27.8146085 ], [ 84.7882843, 27.814771 ], [ 84.7875253, 27.8147143 ], [ 84.783853, 27.8140717 ], [ 84.7829479, 27.8139134 ], [ 84.7814727, 27.8134816 ], [ 84.7798848, 27.8129502 ], [ 84.7793269, 27.8127035 ], [ 84.7789139, 27.8124188 ], [ 84.7772187, 27.8107107 ], [ 84.7755611, 27.8091307 ], [ 84.7749013, 27.8086846 ], [ 84.7743648, 27.8086087 ], [ 84.7738123, 27.8086087 ], [ 84.773308, 27.8087416 ], [ 84.7727179, 27.8089503 ], [ 84.7718382, 27.8094248 ], [ 84.7712105, 27.8097949 ], [ 84.7707009, 27.8100464 ], [ 84.7697782, 27.810649 ], [ 84.7691292, 27.8111899 ], [ 84.768759, 27.8116834 ], [ 84.7686249, 27.8120107 ], [ 84.7685659, 27.8123144 ], [ 84.7686249, 27.8126655 ], [ 84.7689253, 27.8133013 ], [ 84.7693813, 27.8139513 ], [ 84.7695851, 27.81444 ], [ 84.7696871, 27.8147437 ], [ 84.7696227, 27.8150758 ], [ 84.7694725, 27.8153652 ], [ 84.7688609, 27.8159014 ], [ 84.768185, 27.8164328 ], [ 84.7670532, 27.8171277 ], [ 84.7660215, 27.8178936 ], [ 84.7654709, 27.8182765 ], [ 84.7646691, 27.8185838 ], [ 84.7637443, 27.8186264 ], [ 84.7628997, 27.8185129 ], [ 84.7619963, 27.8182174 ], [ 84.7614778, 27.8178841 ], [ 84.7606279, 27.8170946 ], [ 84.7597352, 27.8163287 ], [ 84.7593075, 27.8159032 ], [ 84.7586019, 27.8155107 ], [ 84.7581315, 27.8152176 ], [ 84.7573885, 27.814655 ], [ 84.757025, 27.8141302 ], [ 84.7568432, 27.8133312 ], [ 84.7568165, 27.8127638 ], [ 84.7568967, 27.8113927 ], [ 84.7568753, 27.8105558 ], [ 84.7567524, 27.8096858 ], [ 84.7564156, 27.8090239 ], [ 84.7558329, 27.8083808 ], [ 84.7551754, 27.8077851 ], [ 84.7535023, 27.8064635 ], [ 84.7527592, 27.8059174 ], [ 84.7520723, 27.8055108 ], [ 84.7513908, 27.805246 ], [ 84.7508803, 27.8050923 ], [ 84.7503035, 27.8050698 ], [ 84.7497043, 27.8052507 ], [ 84.749135, 27.8054399 ], [ 84.748547, 27.8056219 ], [ 84.7477719, 27.8058134 ], [ 84.7472239, 27.8058938 ], [ 84.7468578, 27.8058441 ], [ 84.7465183, 27.8056621 ], [ 84.7461254, 27.8053713 ], [ 84.7458635, 27.8050687 ], [ 84.7456524, 27.8048748 ], [ 84.7451793, 27.8046053 ], [ 84.7447463, 27.8043902 ], [ 84.7443053, 27.8043334 ], [ 84.7438456, 27.8042909 ], [ 84.7430918, 27.8043216 ], [ 84.7422606, 27.8044044 ], [ 84.7411808, 27.8044611 ], [ 84.740379, 27.8045131 ], [ 84.7398311, 27.8045037 ], [ 84.7394007, 27.8044587 ], [ 84.7387566, 27.8042389 ], [ 84.738222, 27.8038464 ], [ 84.7378158, 27.8034658 ], [ 84.737463, 27.8028511 ], [ 84.7372518, 27.8024019 ], [ 84.7370808, 27.8019929 ], [ 84.7370246, 27.8014633 ], [ 84.7370861, 27.8010259 ], [ 84.7370918, 27.8009997 ], [ 84.7372091, 27.8004656 ], [ 84.7372331, 27.7999809 ], [ 84.7372545, 27.7993851 ], [ 84.7371636, 27.7990895 ], [ 84.7368857, 27.798846 ], [ 84.7366157, 27.7986427 ], [ 84.7360999, 27.7983661 ], [ 84.7353595, 27.7982077 ], [ 84.7347662, 27.798054 ], [ 84.7342343, 27.7978554 ], [ 84.7337532, 27.797444 ], [ 84.7334966, 27.7971484 ], [ 84.7331266, 27.7966284 ], [ 84.7328043, 27.7962689 ], [ 84.7325184, 27.7960537 ], [ 84.7319712, 27.7957742 ], [ 84.7314519, 27.7956671 ], [ 84.7310765, 27.7956395 ], [ 84.730676, 27.7956505 ], [ 84.7302985, 27.7957096 ], [ 84.7299461, 27.7958184 ], [ 84.7296791, 27.7960398 ], [ 84.7295122, 27.7962096 ], [ 84.729312, 27.7964882 ], [ 84.7290868, 27.7968608 ], [ 84.7289867, 27.7972114 ], [ 84.728874, 27.7975767 ], [ 84.7287698, 27.7980527 ], [ 84.7285445, 27.7987796 ], [ 84.7283234, 27.7992482 ], [ 84.7280148, 27.7996393 ], [ 84.7277395, 27.7999382 ], [ 84.7274058, 27.8001522 ], [ 84.726997, 27.8003072 ], [ 84.7264672, 27.800429 ], [ 84.7259875, 27.8005692 ], [ 84.7255495, 27.8007315 ], [ 84.7249489, 27.8009049 ], [ 84.7242731, 27.8010673 ], [ 84.7233638, 27.8011005 ], [ 84.7225796, 27.8011522 ], [ 84.7218413, 27.8013108 ], [ 84.7213074, 27.8015174 ], [ 84.7208193, 27.8019049 ], [ 84.7203939, 27.8023919 ], [ 84.7198307, 27.8030339 ], [ 84.7193636, 27.8035062 ], [ 84.7188755, 27.8038088 ], [ 84.7183917, 27.8038604 ], [ 84.7178807, 27.8037805 ], [ 84.717555, 27.8036198 ], [ 84.7174114, 27.8031409 ], [ 84.7170068, 27.802617 ], [ 84.7160724, 27.8019196 ], [ 84.7151673, 27.8013256 ], [ 84.7144289, 27.8009271 ], [ 84.7138825, 27.80075 ], [ 84.7129607, 27.8005323 ], [ 84.7121598, 27.8004511 ], [ 84.7114757, 27.8005027 ], [ 84.7105747, 27.8007537 ], [ 84.7097613, 27.8010968 ], [ 84.7089854, 27.8015248 ], [ 84.7083806, 27.8020156 ], [ 84.7080511, 27.8025321 ], [ 84.7080052, 27.8030155 ], [ 84.708097, 27.8037534 ], [ 84.7082263, 27.8047976 ], [ 84.7082763, 27.8058086 ], [ 84.7081387, 27.8064321 ], [ 84.707976, 27.8068232 ], [ 84.7075589, 27.8070999 ], [ 84.7071209, 27.8071737 ], [ 84.7064493, 27.8072955 ], [ 84.7054601, 27.8073288 ], [ 84.7037964, 27.8073766 ], [ 84.7028829, 27.8074135 ], [ 84.7020111, 27.8075353 ], [ 84.7012311, 27.8076644 ], [ 84.699792, 27.8079633 ], [ 84.6980317, 27.8083581 ], [ 84.6969786, 27.8085967 ], [ 84.6963257, 27.8087528 ], [ 84.6953579, 27.8089816 ], [ 84.6943964, 27.8092325 ], [ 84.6939086, 27.8093423 ], [ 84.6933093, 27.8094327 ], [ 84.6926464, 27.8095255 ], [ 84.6922819, 27.8095671 ], [ 84.6918952, 27.8095964 ], [ 84.6912434, 27.8096575 ], [ 84.6906165, 27.8097918 ], [ 84.6898977, 27.8099843 ], [ 84.6893737, 27.8101192 ], [ 84.6887826, 27.8102779 ], [ 84.6882385, 27.8104074 ], [ 84.6877387, 27.8104367 ], [ 84.6872305, 27.8104489 ], [ 84.6865317, 27.8104343 ], [ 84.6858219, 27.8104221 ], [ 84.685322, 27.8104563 ], [ 84.6847531, 27.810554 ], [ 84.6840129, 27.8108374 ], [ 84.6834468, 27.811172 ], [ 84.6829192, 27.8114994 ], [ 84.6827232, 27.811663 ], [ 84.6825354, 27.8118658 ], [ 84.6822426, 27.812093 ], [ 84.6815908, 27.8125669 ], [ 84.6805441, 27.8133266 ], [ 84.6799144, 27.8137418 ], [ 84.679594, 27.8138835 ], [ 84.6792791, 27.8140154 ], [ 84.6789035, 27.8141864 ], [ 84.6784865, 27.8144844 ], [ 84.6780336, 27.8148313 ], [ 84.6775226, 27.8153052 ], [ 84.6772216, 27.8155348 ], [ 84.6768322, 27.8157302 ], [ 84.6761859, 27.8159574 ], [ 84.675512, 27.8161113 ], [ 84.6746558, 27.8163018 ], [ 84.6737886, 27.8165192 ], [ 84.672648, 27.8167708 ], [ 84.6721011, 27.8168978 ], [ 84.6715653, 27.8170053 ], [ 84.6709246, 27.8171104 ], [ 84.6704689, 27.8172129 ], [ 84.6698861, 27.8174426 ], [ 84.6695299, 27.8176331 ], [ 84.6691846, 27.8178016 ], [ 84.6687731, 27.8180215 ], [ 84.6682898, 27.8182511 ], [ 84.6677816, 27.8185931 ], [ 84.6674833, 27.8188422 ], [ 84.6673093, 27.8191133 ], [ 84.6671768, 27.8194553 ], [ 84.6671602, 27.8198852 ], [ 84.6672071, 27.8203469 ], [ 84.6673756, 27.8208745 ], [ 84.6675109, 27.8212091 ], [ 84.6677098, 27.8216146 ], [ 84.6677706, 27.8219101 ], [ 84.6677236, 27.8221446 ], [ 84.6675054, 27.822489 ], [ 84.6672486, 27.8229555 ], [ 84.6670718, 27.8233488 ], [ 84.6667956, 27.8239008 ], [ 84.6664725, 27.8245407 ], [ 84.6662571, 27.824829 ], [ 84.6658207, 27.8252808 ], [ 84.6651855, 27.8259867 ], [ 84.6648154, 27.8262236 ], [ 84.6643072, 27.8264703 ], [ 84.6639924, 27.8266804 ], [ 84.6637107, 27.8268831 ], [ 84.6633682, 27.8272666 ], [ 84.6630451, 27.8275865 ], [ 84.6626308, 27.8278796 ], [ 84.6622855, 27.8281116 ], [ 84.6618878, 27.8282753 ], [ 84.6615647, 27.828522 ], [ 84.6612968, 27.8288346 ], [ 84.661156, 27.8291008 ], [ 84.6611035, 27.8292767 ], [ 84.661098, 27.8296528 ], [ 84.6611228, 27.8299728 ], [ 84.6611642, 27.8304954 ], [ 84.6612388, 27.8309961 ], [ 84.6613126, 27.8314756 ], [ 84.6614073, 27.8318143 ], [ 84.6617249, 27.8326594 ], [ 84.6621419, 27.8335264 ], [ 84.6623406, 27.8338912 ], [ 84.6627468, 27.8345497 ], [ 84.6629208, 27.8348037 ], [ 84.6631031, 27.8352433 ], [ 84.6631914, 27.8356365 ], [ 84.6632522, 27.8359882 ], [ 84.6633627, 27.8368796 ], [ 84.6634262, 27.8376221 ], [ 84.6634704, 27.8383889 ], [ 84.6635035, 27.8386405 ], [ 84.6641124, 27.840263 ], [ 84.6641099, 27.8405169 ], [ 84.6640775, 27.8407568 ], [ 84.6639946, 27.8409759 ], [ 84.66389, 27.8411849 ], [ 84.6636213, 27.8415312 ], [ 84.6634832, 27.841689 ], [ 84.6632943, 27.8419507 ], [ 84.6622515, 27.8440585 ], [ 84.6617281, 27.8453137 ], [ 84.6613446, 27.8465848 ], [ 84.6609356, 27.8481355 ], [ 84.6604219, 27.8492385 ], [ 84.6599466, 27.8500572 ], [ 84.659261, 27.8506491 ], [ 84.6586998, 27.8510449 ], [ 84.6583217, 27.8513304 ], [ 84.6579321, 27.8515873 ], [ 84.6567765, 27.8520067 ], [ 84.6555243, 27.8523313 ], [ 84.6542087, 27.8524286 ], [ 84.6533713, 27.8524075 ], [ 84.6521997, 27.8524997 ], [ 84.6508685, 27.8525334 ], [ 84.6493311, 27.8528069 ], [ 84.648325, 27.8530999 ], [ 84.6476947, 27.8532031 ], [ 84.6474506, 27.853292 ], [ 84.6472955, 27.8533907 ], [ 84.6471618, 27.8535036 ], [ 84.6469696, 27.8537105 ], [ 84.6469011, 27.8539061 ], [ 84.6468434, 27.8541206 ], [ 84.6467923, 27.8545118 ], [ 84.6467995, 27.8547144 ], [ 84.6468604, 27.8549076 ], [ 84.6471541, 27.855405 ], [ 84.6474907, 27.8558455 ], [ 84.6484489, 27.8567436 ], [ 84.6497409, 27.8581824 ], [ 84.6498373, 27.8584428 ], [ 84.6498694, 27.8586369 ], [ 84.6498412, 27.8588061 ], [ 84.6497809, 27.8589659 ], [ 84.6495829, 27.8591668 ], [ 84.6493956, 27.8592824 ], [ 84.6486618, 27.8596472 ], [ 84.6474832, 27.860165 ], [ 84.6469273, 27.8604122 ], [ 84.6468078, 27.8604595 ], [ 84.6466352, 27.8605128 ], [ 84.6464767, 27.8605612 ], [ 84.6461995, 27.8605849 ], [ 84.6460039, 27.8605814 ], [ 84.6457036, 27.8605563 ], [ 84.6448137, 27.8604297 ], [ 84.6423019, 27.8600758 ] ] } },
{ "type": "Feature", "properties": { "fid": 1131, "osm_id": "302726219", "name": "Trisuli", "highway": null, "waterway": "river", "aerialway": null, "barrier": null, "man_made": null, "railway": null, "z_order": 0, "other_tags": null }, "geometry": { "type": "LineString", "coordinates": [ [ 84.6423019, 27.8600758 ], [ 84.6414425, 27.8598995 ], [ 84.6397585, 27.8596771 ], [ 84.6383178, 27.8598509 ], [ 84.6369899, 27.8600814 ], [ 84.6359916, 27.8602581 ], [ 84.6354539, 27.8604632 ], [ 84.6349806, 27.8607063 ], [ 84.6345895, 27.8610033 ], [ 84.6342851, 27.8614182 ], [ 84.6341905, 27.861817 ], [ 84.6339442, 27.8629645 ], [ 84.6334508, 27.8668948 ], [ 84.6331951, 27.8690458 ], [ 84.6331062, 27.8692895 ], [ 84.6329132, 27.8694467 ], [ 84.6327328, 27.8695172 ], [ 84.631559, 27.8697344 ], [ 84.6308676, 27.8699409 ], [ 84.6293441, 27.8704431 ], [ 84.6292029, 27.8705093 ], [ 84.6290778, 27.8705944 ], [ 84.6272739, 27.8724279 ], [ 84.6270647, 27.8727345 ], [ 84.6269306, 27.8729936 ], [ 84.6268716, 27.8731627 ], [ 84.6268448, 27.8733317 ], [ 84.6268915, 27.8736063 ], [ 84.6269784, 27.8739402 ], [ 84.6270736, 27.8741282 ], [ 84.6271688, 27.8742688 ], [ 84.6275121, 27.8747704 ], [ 84.6275757, 27.874972 ], [ 84.627591, 27.8750645 ], [ 84.6275922, 27.8752832 ], [ 84.6274332, 27.8762654 ], [ 84.6274094, 27.8766237 ], [ 84.6274284, 27.8769726 ], [ 84.6273581, 27.8776936 ], [ 84.6273443, 27.8777581 ], [ 84.6273279, 27.8778227 ], [ 84.6272831, 27.8779219 ], [ 84.6272187, 27.8780234 ], [ 84.627098, 27.8781296 ], [ 84.6265669, 27.8785412 ], [ 84.624124, 27.8800245 ], [ 84.6236685, 27.8802085 ], [ 84.6231702, 27.880364 ], [ 84.6212936, 27.8807509 ], [ 84.6204461, 27.88085 ], [ 84.6199982, 27.8808996 ], [ 84.6196147, 27.8808922 ], [ 84.6191463, 27.8808083 ], [ 84.6186619, 27.8806105 ], [ 84.6183685, 27.8804308 ], [ 84.618075, 27.8801847 ], [ 84.617804, 27.8798069 ], [ 84.6172897, 27.87895 ], [ 84.6170539, 27.878591 ], [ 84.6169146, 27.878421 ], [ 84.6167538, 27.878251 ], [ 84.6160354, 27.8777418 ], [ 84.6148405, 27.8768679 ], [ 84.6145536, 27.8765937 ], [ 84.6142452, 27.8761583 ], [ 84.6140735, 27.8758319 ], [ 84.6140092, 27.8754961 ], [ 84.6139707, 27.875225 ], [ 84.6139537, 27.8749445 ], [ 84.613989, 27.8735736 ], [ 84.6139655, 27.873376 ], [ 84.6138786, 27.8731753 ], [ 84.6138006, 27.8730379 ], [ 84.6136581, 27.8728982 ], [ 84.6135747, 27.8728439 ], [ 84.6134913, 27.8727943 ], [ 84.613339, 27.872734 ], [ 84.6129506, 27.8726452 ], [ 84.607919, 27.871601 ], [ 84.6076259, 27.8715502 ], [ 84.6073412, 27.8715106 ], [ 84.6069761, 27.8715208 ], [ 84.6066914, 27.8715358 ], [ 84.6064416, 27.8715768 ], [ 84.6061029, 27.8716683 ], [ 84.605259, 27.8720497 ], [ 84.6050007, 27.8722605 ], [ 84.6044979, 27.8727628 ], [ 84.6041604, 27.8733184 ], [ 84.6038548, 27.8743184 ], [ 84.6036603, 27.8748519 ], [ 84.6033368, 27.8753519 ], [ 84.6032259, 27.87552 ], [ 84.6030988, 27.8756692 ], [ 84.6029752, 27.8757759 ], [ 84.6028329, 27.8758708 ], [ 84.6026631, 27.8759532 ], [ 84.6024959, 27.8760214 ], [ 84.6022845, 27.8760907 ], [ 84.6020436, 27.8761411 ], [ 84.6017938, 27.8761791 ], [ 84.6001798, 27.8763171 ], [ 84.5995842, 27.8763496 ], [ 84.5992784, 27.8763492 ], [ 84.599167, 27.8763384 ], [ 84.5990288, 27.8763374 ], [ 84.5987767, 27.8762841 ], [ 84.5984548, 27.8762118 ], [ 84.5981805, 27.8761172 ], [ 84.597819, 27.8760819 ], [ 84.5974856, 27.8760793 ], [ 84.5971096, 27.876097 ], [ 84.5967275, 27.8761525 ], [ 84.5962004, 27.8762817 ], [ 84.5956181, 27.8764686 ], [ 84.5947802, 27.8768709 ], [ 84.5943511, 27.8770926 ], [ 84.5940225, 27.8773202 ], [ 84.5937529, 27.877568 ], [ 84.593714, 27.8776118 ], [ 84.5928276, 27.8785886 ], [ 84.5923166, 27.8791079 ], [ 84.5917699, 27.8795396 ], [ 84.5913175, 27.8797492 ], [ 84.5908382, 27.8799236 ], [ 84.5903176, 27.8800105 ], [ 84.5899321, 27.8799675 ], [ 84.589412, 27.8797533 ], [ 84.5892388, 27.8796461 ], [ 84.5890918, 27.8795072 ], [ 84.5888616, 27.8792016 ], [ 84.5887071, 27.8790148 ], [ 84.5885966, 27.8789444 ], [ 84.5884277, 27.8788828 ], [ 84.5881346, 27.8787919 ], [ 84.5879489, 27.8787435 ], [ 84.5874806, 27.8785922 ], [ 84.587093, 27.8783741 ], [ 84.5866612, 27.8781062 ], [ 84.5861797, 27.8777541 ], [ 84.5855279, 27.877153 ], [ 84.584958, 27.8766113 ], [ 84.5846897, 27.8764062 ], [ 84.5844148, 27.8762438 ], [ 84.5837846, 27.8759376 ], [ 84.5835683, 27.8758288 ] ] } },
{ "type": "Feature", "properties": { "fid": 1132, "osm_id": "302726221", "name": "Trisuli", "highway": null, "waterway": "river", "aerialway": null, "barrier": null, "man_made": null, "railway": null, "z_order": 0, "other_tags": null }, "geometry": { "type": "LineString", "coordinates": [ [ 84.5835683, 27.8758288 ], [ 84.5816722, 27.8749101 ], [ 84.5809792, 27.8745553 ], [ 84.580818, 27.8744727 ], [ 84.5805323, 27.8743126 ], [ 84.5804036, 27.8742213 ], [ 84.5798323, 27.8736997 ], [ 84.5792046, 27.8730429 ], [ 84.5786239, 27.8725177 ], [ 84.5779641, 27.8721514 ], [ 84.5776141, 27.8719285 ], [ 84.5774477, 27.8717586 ], [ 84.5773727, 27.8715788 ], [ 84.5771715, 27.8710382 ], [ 84.5769717, 27.870692 ], [ 84.5768604, 27.8704751 ], [ 84.5767799, 27.8701147 ], [ 84.5767491, 27.8698467 ], [ 84.576733, 27.8696511 ], [ 84.5766887, 27.8692101 ], [ 84.5766672, 27.8688829 ], [ 84.5766914, 27.8687145 ], [ 84.576741, 27.8685651 ], [ 84.5768175, 27.8683731 ], [ 84.5771916, 27.8676131 ], [ 84.5774344, 27.8669883 ], [ 84.5774987, 27.8667476 ], [ 84.5775537, 27.8664702 ], [ 84.5775658, 27.8662639 ], [ 84.5775524, 27.8656178 ], [ 84.5775256, 27.8653569 ], [ 84.5774665, 27.8651068 ], [ 84.5773237, 27.864779 ], [ 84.5771467, 27.8644648 ], [ 84.57691, 27.8641826 ], [ 84.5767343, 27.8640297 ], [ 84.5765278, 27.8638821 ], [ 84.5754254, 27.8631707 ], [ 84.5748326, 27.8627107 ], [ 84.5744196, 27.862381 ], [ 84.573926, 27.8619424 ], [ 84.5735452, 27.8615274 ], [ 84.5732877, 27.8612903 ], [ 84.5730798, 27.8611339 ], [ 84.5727756, 27.8609729 ], [ 84.5714227, 27.8604534 ], [ 84.5704713, 27.8600619 ], [ 84.5691839, 27.8595568 ], [ 84.5677033, 27.8590091 ], [ 84.566389, 27.8586036 ], [ 84.5655093, 27.8584304 ], [ 84.5645732, 27.8583048 ], [ 84.5638731, 27.8582621 ], [ 84.5630363, 27.858255 ], [ 84.561836, 27.8583083 ], [ 84.5614578, 27.8583059 ], [ 84.5610233, 27.8582727 ], [ 84.560991944464433, 27.858267264840034 ] ] } },
{ "type": "Feature", "properties": { "fid": 1134, "osm_id": "302864211", "name": "Trishuli Ganga River", "highway": null, "waterway": "river", "aerialway": null, "barrier": null, "man_made": null, "railway": null, "z_order": 0, "other_tags": "\"boat\"=>\"no\"" }, "geometry": { "type": "LineString", "coordinates": [ [ 85.1126849, 27.8666182 ], [ 85.1125376, 27.8653379 ], [ 85.1125805, 27.8648589 ], [ 85.1125484, 27.8646076 ], [ 85.1124411, 27.8642282 ], [ 85.112264, 27.8638536 ], [ 85.1116096, 27.8630046 ], [ 85.1109712, 27.8623217 ], [ 85.1105115, 27.8619701 ] ] } },
{ "type": "Feature", "properties": { "fid": 1192, "osm_id": "321548891", "name": "Trishuli Ganga River", "highway": null, "waterway": "river", "aerialway": null, "barrier": null, "man_made": null, "railway": null, "z_order": 0, "other_tags": "\"boat\"=>\"no\"" }, "geometry": { "type": "LineString", "coordinates": [ [ 85.1929389, 28.0299247 ], [ 85.1926439, 28.0295269 ], [ 85.1924691, 28.0293412 ], [ 85.1923134, 28.029158 ], [ 85.1922369, 28.0290109 ], [ 85.192196, 28.0288734 ], [ 85.1921987, 28.0287529 ], [ 85.1921413, 28.0286082 ], [ 85.1920157, 28.0284684 ], [ 85.1918873, 28.0283261 ], [ 85.1916934, 28.0281043 ], [ 85.1914421, 28.0278535 ], [ 85.1913, 28.0277233 ], [ 85.1911553, 28.0275859 ], [ 85.1909641, 28.0274075 ], [ 85.1907346, 28.027176 ], [ 85.190639, 28.0270627 ], [ 85.1905461, 28.0269421 ], [ 85.1904287, 28.0268143 ], [ 85.190314, 28.0266142 ], [ 85.1902539, 28.0264744 ], [ 85.1902129, 28.0263345 ], [ 85.1901828, 28.0261754 ], [ 85.1901446, 28.0260645 ], [ 85.1900736, 28.0259415 ], [ 85.1900026, 28.0258716 ], [ 85.1898769, 28.0258306 ], [ 85.1897376, 28.0258306 ], [ 85.1895628, 28.0258161 ], [ 85.1893142, 28.0257727 ], [ 85.188981, 28.0256787 ], [ 85.188615, 28.0255798 ], [ 85.1883336, 28.0255171 ], [ 85.1881506, 28.0254448 ], [ 85.1880359, 28.0253966 ], [ 85.1878665, 28.0252856 ] ] } },
{ "type": "Feature", "properties": { "fid": 2447, "osm_id": "340573901", "name": "Koshi Khola", "highway": null, "waterway": "stream", "aerialway": null, "barrier": null, "man_made": null, "railway": null, "z_order": 0, "other_tags": null }, "geometry": { "type": "LineString", "coordinates": [ [ 84.9791442, 27.8471694 ], [ 84.9794286, 27.8471884 ], [ 84.9797088, 27.8471884 ], [ 84.9799891, 27.847326 ], [ 84.9802694, 27.8472868 ], [ 84.980535, 27.8469939 ], [ 84.9807656, 27.8466951 ], [ 84.9809829, 27.8462635 ], [ 84.9811344, 27.8458556 ], [ 84.9813557, 27.8456919 ], [ 84.9815797, 27.8454974 ], [ 84.9818962, 27.8452614 ], [ 84.98234, 27.8450148 ], [ 84.9828618, 27.845131 ], [ 84.9831864, 27.8451735 ], [ 84.9835745, 27.8453537 ], [ 84.983761, 27.8456704 ], [ 84.9842013, 27.8460795 ], [ 84.984649, 27.8461785 ], [ 84.9850072, 27.8462444 ], [ 84.9852907, 27.8461257 ], [ 84.9855519, 27.8459211 ], [ 84.9857012, 27.8457826 ], [ 84.9861256, 27.845618 ], [ 84.9865071, 27.8454395 ], [ 84.9867011, 27.8452679 ], [ 84.9872234, 27.8451426 ], [ 84.9876189, 27.8448852 ], [ 84.9881338, 27.8447071 ], [ 84.9886412, 27.8446873 ], [ 84.9890811, 27.8447826 ], [ 84.989277, 27.8447788 ], [ 84.9893761, 27.8446686 ], [ 84.9895424, 27.8445666 ], [ 84.9899172, 27.8442467 ], [ 84.9901972, 27.84365 ], [ 84.9904709, 27.843373 ], [ 84.9909247, 27.8432826 ], [ 84.991326, 27.8431435 ], [ 84.9919254, 27.8431487 ], [ 84.9922546, 27.8432976 ], [ 84.9923109, 27.8433906 ], [ 84.9924453, 27.8435345 ], [ 84.9927851, 27.8440978 ], [ 84.9929196, 27.8441291 ], [ 84.9930824, 27.8440603 ], [ 84.9933938, 27.8439289 ], [ 84.9936841, 27.8437912 ], [ 84.9938681, 27.8437536 ], [ 84.9940521, 27.8437474 ], [ 84.9942928, 27.8437599 ], [ 84.9945759, 27.84386 ], [ 84.994852, 27.8442168 ], [ 84.9952059, 27.8444546 ], [ 84.995482, 27.8444734 ], [ 84.9956731, 27.8443419 ], [ 84.9957014, 27.8441604 ], [ 84.9959421, 27.8438475 ], [ 84.9965154, 27.8433468 ], [ 84.9970321, 27.8431215 ], [ 84.9976712, 27.8430844 ], [ 84.9980586, 27.8430955 ], [ 84.998799, 27.843139 ], [ 84.9993194, 27.8432864 ], [ 84.9997584, 27.8434661 ], [ 84.9999609, 27.843464 ], [ 85.0003524, 27.8431697 ], [ 85.0004811, 27.8429606 ], [ 85.0005228, 27.8427045 ], [ 85.0006065, 27.8423182 ], [ 85.0007701, 27.842176 ], [ 85.0008827, 27.8421167 ], [ 85.0011939, 27.8419839 ], [ 85.0017571, 27.8418653 ], [ 85.0022829, 27.841908 ], [ 85.002543, 27.8419269 ], [ 85.0027496, 27.8421617 ], [ 85.0029936, 27.8422993 ], [ 85.0032216, 27.8423372 ], [ 85.003463, 27.842342 ], [ 85.0037742, 27.8422685 ], [ 85.0041068, 27.8421143 ], [ 85.0044533, 27.8418368 ], [ 85.0046336, 27.8416262 ], [ 85.0048213, 27.8414185 ], [ 85.0050468, 27.8413506 ], [ 85.00517, 27.8413506 ], [ 85.0057046, 27.8416479 ], [ 85.005909, 27.8417806 ] ] } },
{ "type": "Feature", "properties": { "fid": 3056, "osm_id": "340871068", "name": "Narayani", "highway": null, "waterway": "river", "aerialway": null, "barrier": null, "man_made": null, "railway": null, "z_order": 0, "other_tags": "\"boat\"=>\"no\",\"name:hi\"=>\"गंडक नदी\"" }, "geometry": { "type": "LineString", "coordinates": [ [ 84.137412398911181, 27.584385349610351 ], [ 84.1373616, 27.5838538 ], [ 84.1370666, 27.5823846 ], [ 84.1367769, 27.5806206 ], [ 84.136734, 27.579546 ], [ 84.1368091, 27.5783335 ], [ 84.1369647, 27.5771496 ], [ 84.1370505, 27.5762414 ], [ 84.1371041, 27.5750764 ], [ 84.1367018, 27.5741919 ], [ 84.1360849, 27.5732314 ], [ 84.1354465, 27.5726846 ], [ 84.1345158, 27.5721068 ], [ 84.1339982, 27.5718904 ], [ 84.1328394, 27.5713198 ], [ 84.1318497, 27.5707183 ], [ 84.1309351, 27.5698504 ], [ 84.1301411, 27.5689565 ], [ 84.1296637, 27.5683501 ], [ 84.1295236, 27.5681951 ], [ 84.1291219, 27.567751 ], [ 84.128682, 27.5673943 ], [ 84.1279766, 27.5669533 ], [ 84.127781596452834, 27.566852392137903 ] ] } },
{ "type": "Feature", "properties": { "fid": 4797, "osm_id": "341943025", "name": "Trisuli", "highway": null, "waterway": "river", "aerialway": null, "barrier": null, "man_made": null, "railway": null, "z_order": 0, "other_tags": "\"intermittent\"=>\"yes\"" }, "geometry": { "type": "LineString", "coordinates": [ [ 85.0707918, 27.8537019 ], [ 85.0700462, 27.8536639 ], [ 85.0698397, 27.8536935 ], [ 85.0678226, 27.8542848 ], [ 85.0673485, 27.8544453 ], [ 85.066625, 27.8548572 ], [ 85.0644645, 27.8560871 ], [ 85.0638958, 27.8566354 ], [ 85.0637108, 27.8572187 ], [ 85.0636679, 27.8574416 ] ] } },
{ "type": "Feature", "properties": { "fid": 5823, "osm_id": "343007937", "name": "Trishuli Ganga River", "highway": null, "waterway": "river", "aerialway": null, "barrier": null, "man_made": null, "railway": null, "z_order": 0, "other_tags": "\"boat\"=>\"no\"" }, "geometry": { "type": "LineString", "coordinates": [ [ 85.1878665, 28.0252856 ], [ 85.1877464, 28.0251844 ], [ 85.1876289, 28.0250325 ], [ 85.1874841, 28.0248637 ], [ 85.1873421, 28.024719 ], [ 85.187129, 28.0245695 ], [ 85.1869078, 28.0244345 ], [ 85.1867876, 28.024338 ], [ 85.1866811, 28.0242006 ], [ 85.1864953, 28.0238944 ], [ 85.1863342, 28.0234965 ], [ 85.1862113, 28.0231903 ], [ 85.1861457, 28.0229033 ], [ 85.1860911, 28.0226695 ], [ 85.1860364, 28.0223632 ], [ 85.1860201, 28.021975 ], [ 85.1860091, 28.0217845 ], [ 85.1860282, 28.021541 ], [ 85.1860665, 28.0213023 ], [ 85.1861348, 28.0209526 ], [ 85.1861949, 28.0207452 ], [ 85.1862768, 28.0205933 ], [ 85.1863664, 28.0204707 ], [ 85.1866975, 28.0202172 ], [ 85.1870252, 28.0199543 ], [ 85.1872602, 28.019747 ], [ 85.1873558, 28.0196192 ], [ 85.1874213, 28.0194745 ], [ 85.1874759, 28.0193153 ], [ 85.1874869, 28.0191441 ], [ 85.1874759, 28.0189898 ], [ 85.187424, 28.0186233 ], [ 85.1873776, 28.0184231 ], [ 85.1873503, 28.0182351 ], [ 85.1873366, 28.0178082 ], [ 85.1877063, 28.0174335 ], [ 85.1872902, 28.0170511 ], [ 85.1872957, 28.0166966 ], [ 85.1873066, 28.0164772 ], [ 85.1873011, 28.0163445 ], [ 85.1872875, 28.0162457 ], [ 85.1872274, 28.0160745 ], [ 85.1870799, 28.0159201 ], [ 85.1869624, 28.0158285 ], [ 85.1867931, 28.01572 ], [ 85.1864489, 28.0155656 ], [ 85.1861157, 28.0154258 ], [ 85.1857332, 28.0152498 ], [ 85.1856322, 28.0151654 ], [ 85.1855639, 28.0150617 ], [ 85.1854983, 28.0149194 ], [ 85.1853365, 28.0144716 ] ] } },
{ "type": "Feature", "properties": { "fid": 5824, "osm_id": "343007938", "name": "Trishuli Ganga River", "highway": null, "waterway": "river", "aerialway": null, "barrier": null, "man_made": null, "railway": null, "z_order": 0, "other_tags": "\"boat\"=>\"no\"" }, "geometry": { "type": "LineString", "coordinates": [ [ 85.1853365, 28.0144716 ], [ 85.1852374, 28.0142434 ], [ 85.1850394, 28.013909 ], [ 85.1848346, 28.0135955 ], [ 85.1846652, 28.0133953 ], [ 85.1844576, 28.0131904 ], [ 85.1843566, 28.0130674 ], [ 85.1842309, 28.0128576 ], [ 85.1841681, 28.0127153 ], [ 85.1840124, 28.0123753 ], [ 85.1838622, 28.0120353 ], [ 85.1837884, 28.0118351 ], [ 85.1837338, 28.0115819 ], [ 85.1837119, 28.0113311 ], [ 85.1836899, 28.0110866 ], [ 85.1836955, 28.0107958 ], [ 85.1837365, 28.0101663 ], [ 85.1837354, 28.0098032 ], [ 85.1835872, 28.0088224 ], [ 85.1835617, 28.008307 ], [ 85.1835699, 28.0077765 ], [ 85.1835999, 28.00734 ], [ 85.1836245, 28.0070409 ], [ 85.1836983, 28.0067057 ], [ 85.1837611, 28.006426 ], [ 85.1837902, 28.0063465 ], [ 85.1838786, 28.0061052 ], [ 85.1839767, 28.0058782 ], [ 85.1840807, 28.0056374 ], [ 85.1841544, 28.0053914 ], [ 85.1842255, 28.0051502 ], [ 85.1842746, 28.0047595 ], [ 85.1842746, 28.0045473 ], [ 85.1842418, 28.0043375 ], [ 85.1842063, 28.0041614 ], [ 85.1841626, 28.0039878 ], [ 85.1841435, 28.0038069 ], [ 85.1841353, 28.0036188 ], [ 85.1841572, 28.0033873 ], [ 85.1841626, 28.0031461 ], [ 85.1841224, 28.0029503 ], [ 85.1840862, 28.0028278 ], [ 85.1840097, 28.002671 ], [ 85.1838731, 28.0024033 ], [ 85.1838048, 28.0022007 ], [ 85.1837791, 28.0020026 ], [ 85.183783, 28.0017956 ], [ 85.1838157, 28.0016316 ], [ 85.1838676, 28.0014652 ], [ 85.1839605, 28.0012939 ], [ 85.1841217, 28.0010552 ], [ 85.1843211, 28.0008164 ], [ 85.1844576, 28.0006789 ], [ 85.184668, 28.0003992 ], [ 85.1847226, 28.0002593 ], [ 85.1847581, 28.0001001 ], [ 85.1847772, 27.999912 ], [ 85.1847909, 27.9995985 ], [ 85.1847936, 27.9994272 ], [ 85.1848346, 27.9992584 ], [ 85.184927, 27.9990392 ], [ 85.185217, 27.9986145 ], [ 85.185509, 27.998187 ], [ 85.1856977, 27.9978692 ], [ 85.1859163, 27.997505 ], [ 85.1860646, 27.9972086 ], [ 85.1861484, 27.9970009 ], [ 85.1861703, 27.9968297 ], [ 85.186132, 27.9967091 ], [ 85.1859927, 27.9965379 ], [ 85.1858671, 27.9964438 ], [ 85.1856049, 27.9962653 ], [ 85.1854656, 27.9961351 ], [ 85.1851269, 27.99566 ], [ 85.1849712, 27.9954694 ], [ 85.1848373, 27.9953127 ], [ 85.1845327, 27.9950057 ], [ 85.1842992, 27.9947989 ], [ 85.1840834, 27.9946229 ], [ 85.1837679, 27.9943842 ], [ 85.1835317, 27.9942056 ], [ 85.183193, 27.9939572 ], [ 85.1828433, 27.9936943 ], [ 85.1826357, 27.9935279 ], [ 85.1824445, 27.9933759 ], [ 85.1822779, 27.9932408 ], [ 85.1822042, 27.9931251 ], [ 85.1821478, 27.9930151 ], [ 85.1821277, 27.9928887 ], [ 85.1821277, 27.992785 ], [ 85.1821523, 27.9926379 ], [ 85.1822147, 27.992372 ], [ 85.1824625, 27.9916476 ], [ 85.1828281, 27.9908578 ] ] } },
{ "type": "Feature", "properties": { "fid": 5833, "osm_id": "343020307", "name": "Narayani", "highway": null, "waterway": "river", "aerialway": null, "barrier": null, "man_made": null, "railway": null, "z_order": 0, "other_tags": "\"boat\"=>\"no\",\"name:hi\"=>\"गंडक नदी\"" }, "geometry": { "type": "LineString", "coordinates": [ [ 84.132803903557203, 27.57862121344801 ], [ 84.1329459, 27.5767514 ], [ 84.1329733, 27.5756833 ], [ 84.1324803, 27.5749017 ], [ 84.13173, 27.5742754 ], [ 84.1313521, 27.5739598 ], [ 84.1309139, 27.5736394 ], [ 84.1296761, 27.5727655 ], [ 84.129331, 27.5721295 ], [ 84.1291119, 27.5708138 ], [ 84.1290826, 27.5702117 ], [ 84.1290681, 27.5699156 ], [ 84.1290252, 27.5695658 ], [ 84.1288966, 27.569023 ], [ 84.1288684, 27.5687169 ], [ 84.1287953, 27.5684827 ] ] } },
{ "type": "Feature", "properties": { "fid": 5834, "osm_id": "343020308", "name": "Narayani", "highway": null, "waterway": "river", "aerialway": null, "barrier": null, "man_made": null, "railway": null, "z_order": 0, "other_tags": "\"boat\"=>\"no\",\"name:hi\"=>\"गंडक नदी\"" }, "geometry": { "type": "LineString", "coordinates": [ [ 84.134934846122917, 27.581232511597822 ], [ 84.1349933, 27.5809962 ], [ 84.1360581, 27.5786164 ], [ 84.1361466, 27.578469 ], [ 84.1362769, 27.5782819 ], [ 84.1369647, 27.5771496 ] ] } },
{ "type": "Feature", "properties": { "fid": 5836, "osm_id": "343020310", "name": "Narayani", "highway": null, "waterway": "river", "aerialway": null, "barrier": null, "man_made": null, "railway": null, "z_order": 0, "other_tags": "\"boat\"=>\"no\",\"name:hi\"=>\"गंडक नदी\"" }, "geometry": { "type": "LineString", "coordinates": [ [ 84.1443449, 27.556948 ], [ 84.1374804, 27.5564116 ], [ 84.1354523, 27.5565767 ], [ 84.1338381, 27.5565951 ], [ 84.1322653, 27.5564667 ], [ 84.1309823, 27.5562648 ], [ 84.1291818, 27.5559896 ], [ 84.1271283, 27.555811 ], [ 84.1265329, 27.5558841 ], [ 84.1259793, 27.5559896 ], [ 84.1252757, 27.5561731 ], [ 84.1247532, 27.5563382 ], [ 84.1243082, 27.5565171 ], [ 84.1238835, 27.5567018 ], [ 84.1235063, 27.5568198 ], [ 84.1230872, 27.5568565 ], [ 84.1225595, 27.5568657 ], [ 84.1222077, 27.5568198 ], [ 84.1218766, 27.5567235 ], [ 84.121724433803209, 27.556663194024331 ] ] } },
{ "type": "Feature", "properties": { "fid": 5837, "osm_id": "343020311", "name": "Narayani", "highway": null, "waterway": "river", "aerialway": null, "barrier": null, "man_made": null, "railway": null, "z_order": 0, "other_tags": "\"boat\"=>\"no\",\"name:hi\"=>\"गंडक नदी\"" }, "geometry": { "type": "LineString", "coordinates": [ [ 84.1367018, 27.5741919 ], [ 84.1358328, 27.5740469 ], [ 84.1352347, 27.5738995 ], [ 84.1346472, 27.5737117 ], [ 84.1342556, 27.573531 ], [ 84.1335878, 27.5730483 ], [ 84.1328368, 27.5723303 ], [ 84.1323325, 27.5717074 ], [ 84.1321152, 27.5713388 ], [ 84.1318497, 27.5707183 ] ] } },
{ "type": "Feature", "properties": { "fid": 5839, "osm_id": "343020313", "name": "Narayani", "highway": null, "waterway": "river", "aerialway": null, "barrier": null, "man_made": null, "railway": null, "z_order": 0, "other_tags": "\"boat\"=>\"no\",\"name:hi\"=>\"गंडक नदी\"" }, "geometry": { "type": "LineString", "coordinates": [ [ 84.1301411, 27.5689565 ], [ 84.1297495, 27.5688566 ], [ 84.1294934, 27.5687948 ], [ 84.1290508, 27.5686533 ], [ 84.1287953, 27.5684827 ], [ 84.1286478, 27.5683371 ], [ 84.1285271, 27.5682711 ], [ 84.1284131, 27.5682253 ], [ 84.1283032, 27.5681926 ], [ 84.1282026, 27.5681742 ], [ 84.1281302, 27.5681558 ], [ 84.1280323, 27.5681171 ], [ 84.127969518578752, 27.568072623217489 ] ] } },
{ "type": "Feature", "properties": { "fid": 9002, "osm_id": "809865767", "name": "Bhote Koshi", "highway": null, "waterway": "river", "aerialway": null, "barrier": null, "man_made": null, "railway": null, "z_order": 0, "other_tags": "\"intermittent\"=>\"no\"" }, "geometry": { "type": "LineString", "coordinates": [ [ 85.3427556, 28.1811583 ], [ 85.3426722, 28.1807772 ], [ 85.3426633, 28.1803773 ], [ 85.3426728, 28.1801701 ], [ 85.3426392, 28.1799331 ], [ 85.3427327, 28.1793587 ], [ 85.3428027, 28.1789346 ], [ 85.3427577, 28.1785799 ], [ 85.3428829, 28.1782323 ], [ 85.3429865, 28.1779971 ], [ 85.3429497, 28.177811 ], [ 85.3428838, 28.1773014 ], [ 85.3427835, 28.1769611 ], [ 85.3427678, 28.1765348 ], [ 85.3427038, 28.1761377 ], [ 85.3428187, 28.1757361 ], [ 85.3427418, 28.1755148 ], [ 85.3427748, 28.1753508 ], [ 85.3429465, 28.1743452 ], [ 85.3430013, 28.1739672 ], [ 85.3429266, 28.1738088 ], [ 85.3429127, 28.1734989 ], [ 85.3428061, 28.1731357 ], [ 85.3426822, 28.1728292 ], [ 85.3427098, 28.17265 ], [ 85.3426868, 28.1724432 ], [ 85.3427036, 28.1721164 ], [ 85.3426869, 28.1713281 ], [ 85.3426739, 28.1709703 ], [ 85.3427953, 28.1706038 ], [ 85.3427419, 28.1703673 ], [ 85.3427625, 28.1701237 ], [ 85.3427062, 28.1699171 ], [ 85.3426577, 28.1697139 ], [ 85.3424621, 28.1685631 ], [ 85.3424341, 28.1683292 ], [ 85.3424312, 28.1681469 ], [ 85.3424173, 28.1677745 ], [ 85.3424406, 28.1675819 ], [ 85.3424861, 28.1674392 ], [ 85.3425707, 28.167275 ], [ 85.3426658, 28.1671531 ], [ 85.3427899, 28.1669935 ], [ 85.342845, 28.1666895 ], [ 85.3428768, 28.1666029 ], [ 85.3428934, 28.1665014 ], [ 85.3428912, 28.1663782 ], [ 85.3428463, 28.1661297 ], [ 85.342693, 28.1657707 ], [ 85.3425719, 28.1655778 ], [ 85.3421898, 28.1650042 ], [ 85.3420658, 28.1648709 ], [ 85.3419347, 28.1647573 ], [ 85.3418024, 28.1646622 ], [ 85.3415572, 28.1645234 ], [ 85.3413057, 28.1644225 ] ] } },
{ "type": "Feature", "properties": { "fid": 9035, "osm_id": "846888406", "name": "Trisuli Khola", "highway": null, "waterway": "stream", "aerialway": null, "barrier": null, "man_made": null, "railway": null, "z_order": 0, "other_tags": null }, "geometry": { "type": "LineString", "coordinates": [ [ 85.3982797, 28.0799634 ], [ 85.3970825, 28.0806039 ], [ 85.3962994, 28.0819812 ], [ 85.3944253, 28.0823185 ], [ 85.3925166, 28.0812198 ], [ 85.3914778, 28.0815223 ], [ 85.390447, 28.0814491 ], [ 85.3894183, 28.0814641 ], [ 85.3885361, 28.0815067 ], [ 85.3878604, 28.0815922 ], [ 85.3870683, 28.0817087 ], [ 85.3859461, 28.0821396 ], [ 85.3849112, 28.0820594 ], [ 85.3840054, 28.0821047 ], [ 85.3832133, 28.0823144 ], [ 85.3825136, 28.0827337 ], [ 85.3816818, 28.0826521 ], [ 85.3808341, 28.0826369 ], [ 85.3803088, 28.0824658 ], [ 85.3798336, 28.0824541 ], [ 85.379081, 28.0826521 ], [ 85.3783021, 28.0826754 ], [ 85.3779457, 28.0826987 ], [ 85.3771606, 28.0828049 ], [ 85.3769894, 28.0829431 ], [ 85.3755033, 28.0841431 ], [ 85.3747375, 28.0844808 ], [ 85.3733084, 28.0848856 ], [ 85.372414, 28.0855408 ], [ 85.3706, 28.0858459 ], [ 85.3680377, 28.0884779 ], [ 85.3673312, 28.0890932 ], [ 85.3660638, 28.0895008 ], [ 85.3637567, 28.0911404 ], [ 85.3636247, 28.0913308 ], [ 85.3635308, 28.0914349 ], [ 85.3634503, 28.0916195 ], [ 85.3632867, 28.0918064 ], [ 85.3631794, 28.0919365 ], [ 85.3630775, 28.0919082 ], [ 85.3630024, 28.0919768 ], [ 85.3628951, 28.0920738 ], [ 85.36282, 28.0921306 ], [ 85.3627798, 28.0922536 ], [ 85.3626859, 28.0923459 ], [ 85.3625894, 28.092353 ], [ 85.3625062, 28.092476 ], [ 85.3624177, 28.0924784 ], [ 85.3623104, 28.0925825 ], [ 85.3622943, 28.0927955 ], [ 85.3623587, 28.0928712 ], [ 85.3622407, 28.0930321 ], [ 85.3620851, 28.0929895 ], [ 85.3617793, 28.0930936 ], [ 85.3616542, 28.0930506 ] ] } },
{ "type": "Feature", "properties": { "fid": 9767, "osm_id": "915399518", "name": "Trishuli Ganga River", "highway": null, "waterway": "river", "aerialway": null, "barrier": null, "man_made": null, "railway": null, "z_order": 0, "other_tags": "\"boat\"=>\"no\"" }, "geometry": { "type": "LineString", "coordinates": [ [ 85.1144042, 27.8696471 ], [ 85.114465, 27.8691241 ], [ 85.1136664, 27.8685205 ], [ 85.1132116, 27.8680688 ], [ 85.1129727, 27.8670595 ], [ 85.1126849, 27.8666182 ], [ 85.1123059, 27.866037 ], [ 85.1118657, 27.8651328 ], [ 85.1116115, 27.8646361 ], [ 85.111024, 27.8635196 ], [ 85.1109144, 27.8632629 ], [ 85.110793, 27.8629652 ], [ 85.1106982, 27.8626205 ], [ 85.1106241, 27.862294 ], [ 85.1105115, 27.8619701 ], [ 85.1103283, 27.8618254 ], [ 85.1092605, 27.8613495 ], [ 85.1083081, 27.8606428 ], [ 85.10774, 27.8603403 ], [ 85.1074103, 27.8599187 ], [ 85.1069278, 27.8590962 ] ] } },
{ "type": "Feature", "properties": { "fid": 9768, "osm_id": "915399519", "name": "Trishuli Ganga River", "highway": null, "waterway": "river", "aerialway": null, "barrier": null, "man_made": null, "railway": null, "z_order": 0, "other_tags": "\"boat\"=>\"no\"" }, "geometry": { "type": "LineString", "coordinates": [ [ 85.1069278, 27.8590962 ], [ 85.1066615, 27.8587405 ], [ 85.1062434, 27.8584955 ], [ 85.1052065, 27.8582518 ], [ 85.1033789, 27.8580888 ], [ 85.1016784, 27.8581636 ], [ 85.1007253, 27.8583827 ], [ 85.0985341, 27.8593734 ], [ 85.097828, 27.8597212 ], [ 85.0973491, 27.859837 ] ] } },
{ "type": "Feature", "properties": { "fid": 9769, "osm_id": "915399520", "name": "Trishuli Ganga River", "highway": null, "waterway": "river", "aerialway": null, "barrier": null, "man_made": null, "railway": null, "z_order": 0, "other_tags": "\"boat\"=>\"no\",\"name:ne\"=>\"त्रिशूली गंगा नदी\"" }, "geometry": { "type": "LineString", "coordinates": [ [ 85.1357436, 27.9161586 ], [ 85.1349421, 27.9157659 ], [ 85.1346147, 27.9156073 ], [ 85.1343171, 27.9152245 ], [ 85.1340893, 27.9148461 ], [ 85.1341454, 27.9143144 ], [ 85.1343647, 27.9140722 ], [ 85.1353721, 27.9134195 ], [ 85.1368273, 27.9119598 ], [ 85.1380735, 27.9106469 ], [ 85.1388693, 27.909243 ], [ 85.1389519, 27.9082467 ], [ 85.1391003, 27.907109 ], [ 85.1394667, 27.9061918 ], [ 85.1404189, 27.9051783 ], [ 85.1407752, 27.9045613 ], [ 85.1408902, 27.9039971 ], [ 85.1408483, 27.9033029 ], [ 85.1404405, 27.9021052 ], [ 85.1397067, 27.9014617 ], [ 85.1390163, 27.9011428 ], [ 85.1377349, 27.9007992 ], [ 85.1375981, 27.9007 ], [ 85.1368283, 27.9001413 ], [ 85.1368283, 27.8988942 ], [ 85.1366889, 27.8977033 ], [ 85.1361431, 27.8965168 ], [ 85.1356472, 27.8952278 ], [ 85.1356817, 27.8943852 ], [ 85.1358053, 27.8934901 ], [ 85.135968, 27.8929627 ], [ 85.1362578, 27.8925964 ], [ 85.1370751, 27.8903307 ], [ 85.1370587, 27.8889861 ], [ 85.1365971, 27.8885493 ], [ 85.1347459, 27.8875487 ], [ 85.1333809, 27.886455 ], [ 85.1306813, 27.8847034 ], [ 85.1283089, 27.8830621 ], [ 85.1267201, 27.8814258 ], [ 85.1261662, 27.8805913 ], [ 85.1257623, 27.8793385 ], [ 85.1256703, 27.8787953 ], [ 85.1257916, 27.8779849 ], [ 85.1260431, 27.8770859 ], [ 85.1260598, 27.8763234 ], [ 85.1259112, 27.8756894 ], [ 85.1256596, 27.875053 ], [ 85.1253431, 27.8746475 ], [ 85.1248602, 27.8743055 ], [ 85.1238303, 27.873983 ], [ 85.122178, 27.8735468 ], [ 85.1209335, 27.8730346 ], [ 85.1187662, 27.8717448 ], [ 85.1169802, 27.870901 ], [ 85.1164161, 27.870424 ], [ 85.115634, 27.8701067 ], [ 85.1149192, 27.8698582 ], [ 85.1144042, 27.8696471 ] ] } },
{ "type": "Feature", "properties": { "fid": 9784, "osm_id": "928822514", "name": "Trishuli River", "highway": null, "waterway": "river", "aerialway": null, "barrier": null, "man_made": null, "railway": null, "z_order": 0, "other_tags": null }, "geometry": { "type": "LineString", "coordinates": [ [ 85.3076233, 28.1407319 ], [ 85.3075203, 28.1406605 ], [ 85.3060828, 28.1393561 ], [ 85.3046923, 28.1375475 ], [ 85.3033364, 28.1350049 ], [ 85.3028335, 28.1346139 ], [ 85.3026186, 28.1345063 ], [ 85.3025608, 28.1344347 ], [ 85.302528, 28.1343363 ], [ 85.3026272, 28.1340357 ], [ 85.3026116, 28.1338612 ], [ 85.3023343, 28.1336234 ], [ 85.3011448, 28.1326205 ], [ 85.3009424, 28.132384 ], [ 85.3006023, 28.1315057 ], [ 85.3004252, 28.1313217 ], [ 85.3004022, 28.1311802 ], [ 85.3005091, 28.1310402 ], [ 85.3006002, 28.1309499 ], [ 85.3006023, 28.1308019 ], [ 85.3004923, 28.1305231 ], [ 85.3004513, 28.1303875 ], [ 85.300565, 28.1301279 ], [ 85.3005771, 28.1299159 ], [ 85.3004577, 28.1297003 ], [ 85.3002729, 28.1294918 ], [ 85.2999343, 28.1291096 ], [ 85.2987956, 28.128339 ], [ 85.2985606, 28.128045 ], [ 85.2981267, 28.1275022 ] ] } },
{ "type": "Feature", "properties": { "fid": 9828, "osm_id": "935146855", "name": "Trisuli Khola", "highway": null, "waterway": "stream", "aerialway": null, "barrier": null, "man_made": null, "railway": null, "z_order": 0, "other_tags": null }, "geometry": { "type": "LineString", "coordinates": [ [ 85.3616542, 28.0930506 ], [ 85.3615091, 28.0932045 ], [ 85.3609678, 28.0932628 ], [ 85.3586876, 28.0955718 ], [ 85.35543, 28.095955 ], [ 85.3505436, 28.0955718 ], [ 85.3443234, 28.0958242 ], [ 85.3367693, 28.0949854 ], [ 85.3340832, 28.0947212 ], [ 85.3320194, 28.0954864 ], [ 85.3306928, 28.0966579 ], [ 85.3295745, 28.0967828 ], [ 85.3271701, 28.0961489 ], [ 85.3263841, 28.0962518 ], [ 85.3259585, 28.0966195 ], [ 85.3252755, 28.0973299 ], [ 85.3245851, 28.0975569 ], [ 85.3237695, 28.0976634 ], [ 85.3230951, 28.0975768 ], [ 85.321481, 28.0972762 ], [ 85.3200201, 28.097352 ], [ 85.3196686, 28.0976814 ] ] } },
{ "type": "Feature", "properties": { "fid": 9911, "osm_id": "937405875", "name": "东林藏布 लेन्डे खोला", "highway": null, "waterway": "river", "aerialway": null, "barrier": null, "man_made": null, "railway": null, "z_order": 0, "other_tags": "\"alt_name:en\"=>\"Lhende Khola;Lhende River\",\"alt_name:zh\"=>\"伦德科拉河\",\"intermittent\"=>\"no\",\"name:de\"=>\"Lhende\",\"name:en\"=>\"Lende Khola\",\"name:ne\"=>\"लेन्डे खोला\",\"name:zh\"=>\"东林藏布\",\"tidal\"=>\"no\",\"wikidata\"=>\"Q28961063\"" }, "geometry": { "type": "MultiLineString", "coordinates": [ [ [ 85.429534787217534, 28.330144528511344 ], [ 85.4290388, 28.3300499 ], [ 85.428408867418568, 28.330224253613185 ] ], [ [ 85.379273229615023, 28.27961573087973 ], [ 85.3792351, 28.279603 ], [ 85.3789545, 28.2794405 ], [ 85.3785056, 28.279029 ], [ 85.3783054, 28.2788212 ], [ 85.3777589, 28.2785144 ], [ 85.3769971, 28.2780537 ] ] ] } },
{ "type": "Feature", "properties": { "fid": 10388, "osm_id": "1010396477", "name": "Koshi Khola", "highway": null, "waterway": "stream", "aerialway": null, "barrier": null, "man_made": null, "railway": null, "z_order": 0, "other_tags": null }, "geometry": { "type": "LineString", "coordinates": [ [ 84.9491429, 27.8468054 ], [ 84.9494165, 27.8468908 ], [ 84.9498644, 27.847128 ], [ 84.9501327, 27.847173 ], [ 84.9504143, 27.8471564 ], [ 84.9506047, 27.8470545 ], [ 84.9507281, 27.8470236 ], [ 84.9509051, 27.8470924 ], [ 84.951058, 27.847211 ], [ 84.951286, 27.8472489 ], [ 84.9515194, 27.8472584 ], [ 84.9519673, 27.8472442 ], [ 84.9521068, 27.847294 ], [ 84.952147, 27.8475264 ], [ 84.9522087, 27.847664 ], [ 84.9523804, 27.8477375 ], [ 84.9526083, 27.8477446 ], [ 84.9528953, 27.8476924 ], [ 84.9531153, 27.8475738 ], [ 84.9533915, 27.84746 ], [ 84.9539092, 27.847543 ], [ 84.9544242, 27.8475762 ], [ 84.9550009, 27.8476142 ], [ 84.9554086, 27.847524 ], [ 84.9555749, 27.8471778 ], [ 84.9556929, 27.8468885 ], [ 84.9559772, 27.8467556 ], [ 84.9563527, 27.8468268 ], [ 84.9564439, 27.8469217 ], [ 84.956696, 27.8471778 ], [ 84.9569052, 27.847377 ], [ 84.9571842, 27.8476948 ], [ 84.9574095, 27.8478323 ], [ 84.9576455, 27.8477517 ], [ 84.9578279, 27.8476094 ], [ 84.9581015, 27.847524 ], [ 84.9583322, 27.8475999 ], [ 84.9587613, 27.847709 ], [ 84.9590295, 27.8476426 ], [ 84.9593192, 27.8472442 ], [ 84.9594855, 27.8469501 ], [ 84.9595874, 27.8466228 ], [ 84.9596786, 27.8464948 ], [ 84.9598396, 27.84649 ], [ 84.9601132, 27.8467936 ], [ 84.9601722, 27.8468885 ], [ 84.9602097, 27.8471446 ], [ 84.9602258, 27.8474434 ], [ 84.960376, 27.8475857 ], [ 84.9605155, 27.8476047 ], [ 84.9606335, 27.847543 ], [ 84.9608481, 27.8474861 ], [ 84.9610358, 27.847524 ], [ 84.9612611, 27.8475952 ], [ 84.9615723, 27.8475762 ], [ 84.9620926, 27.847377 ], [ 84.9622643, 27.8472727 ], [ 84.9626988, 27.8471114 ], [ 84.9630797, 27.8470545 ], [ 84.9633855, 27.8471683 ], [ 84.9637073, 27.8473106 ], [ 84.9640131, 27.8473865 ], [ 84.9642867, 27.8473343 ], [ 84.9644154, 27.84723 ], [ 84.9645925, 27.8468932 ], [ 84.96463, 27.846713 ], [ 84.9646461, 27.8465517 ], [ 84.9648446, 27.8464758 ], [ 84.9650967, 27.8464284 ], [ 84.9654508, 27.8463975 ], [ 84.9658692, 27.8465659 ], [ 84.9659523, 27.8467106 ], [ 84.9659657, 27.8468885 ], [ 84.9659657, 27.8470497 ], [ 84.9660784, 27.8471659 ], [ 84.9662903, 27.8472323 ], [ 84.96647, 27.8472987 ], [ 84.9667302, 27.8473177 ], [ 84.9670038, 27.8471304 ], [ 84.9673149, 27.8470379 ], [ 84.9674678, 27.8469881 ], [ 84.9678031, 27.846758 ], [ 84.9681812, 27.8465778 ], [ 84.9684468, 27.8465327 ], [ 84.9687391, 27.8466252 ], [ 84.9688598, 27.8467248 ], [ 84.969002, 27.8468671 ], [ 84.9691227, 27.8468837 ], [ 84.9692327, 27.8468458 ], [ 84.9693346, 27.8467675 ], [ 84.969407, 27.8465612 ], [ 84.9694419, 27.8463359 ], [ 84.9694848, 27.8462173 ], [ 84.9696001, 27.8460868 ], [ 84.9697584, 27.8460394 ], [ 84.9699005, 27.8460845 ], [ 84.9700293, 27.8462149 ], [ 84.9701607, 27.8462505 ], [ 84.9703377, 27.846305 ], [ 84.9706355, 27.8465185 ], [ 84.9708259, 27.8466276 ], [ 84.9709547, 27.8466584 ], [ 84.9710539, 27.8466299 ], [ 84.9711236, 27.8465659 ], [ 84.9711397, 27.8464876 ], [ 84.971137, 27.8463169 ], [ 84.9711075, 27.846241 ], [ 84.9711102, 27.8461651 ], [ 84.9711585, 27.846139 ], [ 84.9713007, 27.8461651 ], [ 84.9714133, 27.8462054 ], [ 84.9716333, 27.8463786 ], [ 84.9717432, 27.8465564 ], [ 84.9717915, 27.8467628 ], [ 84.9718478, 27.8470094 ], [ 84.9718773, 27.8472845 ], [ 84.9718881, 27.8476331 ], [ 84.9719042, 27.8478489 ], [ 84.9719927, 27.8479414 ], [ 84.9722046, 27.8479391 ], [ 84.9724004, 27.8478988 ], [ 84.9725962, 27.8477849 ], [ 84.9728081, 27.8475857 ], [ 84.9729529, 27.8472798 ], [ 84.9730977, 27.8469169 ], [ 84.973256, 27.8467248 ], [ 84.9735323, 27.8465422 ], [ 84.9739373, 27.8463833 ], [ 84.974235, 27.8462813 ], [ 84.9744925, 27.8460584 ], [ 84.974758, 27.8458615 ], [ 84.9748868, 27.8457335 ], [ 84.9748573, 27.8455414 ], [ 84.9748626, 27.8454204 ], [ 84.975045, 27.845252 ], [ 84.9752408, 27.8452022 ], [ 84.9754715, 27.8452544 ], [ 84.9756083, 27.8452307 ], [ 84.9759462, 27.8450955 ], [ 84.976244, 27.8448394 ], [ 84.9764881, 27.8447753 ], [ 84.9766543, 27.844856 ], [ 84.9771157, 27.8451856 ], [ 84.977628, 27.845641 ], [ 84.9778908, 27.8460157 ], [ 84.9780142, 27.846445 ], [ 84.9780652, 27.8467604 ], [ 84.978379, 27.8470189 ], [ 84.9787116, 27.8471375 ], [ 84.9791442, 27.8471694 ] ] } },
{ "type": "Feature", "properties": { "fid": 10506, "osm_id": "1036478420", "name": "Narayani", "highway": null, "waterway": "river", "aerialway": null, "barrier": null, "man_made": null, "railway": null, "z_order": 0, "other_tags": "\"boat\"=>\"no\",\"name:hi\"=>\"गंडक नदी\"" }, "geometry": { "type": "LineString", "coordinates": [ [ 84.1295236, 27.5681951 ], [ 84.1296371, 27.5670891 ], [ 84.1296682, 27.5663277 ], [ 84.1296423, 27.5655985 ], [ 84.1295388, 27.5651399 ], [ 84.1292905, 27.5646445 ], [ 84.1288921, 27.5641217 ], [ 84.1282144, 27.5633833 ], [ 84.1275067, 27.5625794 ], [ 84.1271589, 27.5622963 ], [ 84.1267709, 27.5621357 ], [ 84.1263674, 27.5620027 ], [ 84.1259586, 27.5618743 ], [ 84.1255499, 27.561755 ], [ 84.1251205, 27.5616037 ], [ 84.1247635, 27.5613102 ], [ 84.1246549, 27.5609662 ], [ 84.1244169, 27.5604616 ], [ 84.1241892, 27.5597461 ], [ 84.1239564, 27.5594388 ], [ 84.1234649, 27.5588563 ], [ 84.1231493, 27.558283 ], [ 84.1225595, 27.5568657 ] ] } },
{ "type": "Feature", "properties": { "fid": 10880, "osm_id": "1235631876", "name": "Koshi Khola", "highway": null, "waterway": "river", "aerialway": null, "barrier": null, "man_made": null, "railway": null, "z_order": 0, "other_tags": null }, "geometry": { "type": "LineString", "coordinates": [ [ 85.005909, 27.8417806 ], [ 85.0064857, 27.8411709 ], [ 85.0070919, 27.8406284 ], [ 85.0072378, 27.8403541 ], [ 85.0073539, 27.8398661 ], [ 85.0076475, 27.839159 ], [ 85.0084659, 27.8389657 ], [ 85.0105838, 27.8382364 ], [ 85.0123643, 27.837242 ], [ 85.0126892, 27.8366951 ], [ 85.0122394, 27.8356344 ], [ 85.0126599, 27.8343148 ], [ 85.0129453, 27.8334191 ], [ 85.0139583, 27.8325467 ], [ 85.0153808, 27.8325311 ], [ 85.0174129, 27.8340624 ], [ 85.0190916, 27.8340077 ], [ 85.0205229, 27.8343515 ], [ 85.0219542, 27.8337733 ], [ 85.0220393, 27.8337311 ], [ 85.0223178, 27.8335473 ], [ 85.0228949, 27.8329658 ] ] } },
{ "type": "Feature", "properties": { "fid": 11251, "osm_id": "1553053155", "name": "Trishuli Ganga River", "highway": null, "waterway": "river", "aerialway": null, "barrier": null, "man_made": null, "railway": null, "z_order": 0, "other_tags": "\"boat\"=>\"no\"" }, "geometry": { "type": "LineString", "coordinates": [ [ 85.0973491, 27.859837 ], [ 85.0965058, 27.8599897 ], [ 85.0944762, 27.8601759 ] ] } }
]
}
